ctime,schemaname,relname,seq_scan,seq_tup_read,idx_scan,idx_tup_fetch,n_tup_ins,n_tup_upd,n_tup_del,n_tup_hot_upd,n_live_tup,n_dead_tup,heap_blks_read,heap_blks_hit,idx_blks_read,idx_blks_hit,toast_blks_read,toast_blks_hit,tidx_blks_read,tidx_blks_hit
1430926366.94734,pg_catalog,pg_auth_members,21,0,0,0,0,0,0,0,0,0,0,0,0,0,,,,
1430926366.94734,pg_catalog,pg_operator,3,2295,261,1504,0,0,0,0,765,0,42,1048,20,591,,,,
1430926366.94734,pg_catalog,pg_aggregate,2,266,3,3,0,0,0,0,133,0,5,4,2,4,,,,
1430926366.94734,pg_catalog,pg_pltemplate,14,112,0,0,0,0,0,0,8,0,14,7,0,0,,,,
1430926366.94734,public,stock,4,800000,116,116,200000,58,0,0,200000,58,45962,23840,39,489,,,,
1430926366.94734,pg_catalog,pg_description,2,7372,252,0,0,0,0,0,3686,0,64,32,6,501,0,0,0,0
1430926366.94734,pg_catalog,pg_language,4,16,10,10,0,0,0,0,4,0,2,13,4,18,,,,
1430926366.94734,information_schema,sql_sizing_profiles,1,0,,,0,0,0,0,0,0,0,0,,,0,0,0,0
1430926366.94734,pg_catalog,pg_ts_parser,3,3,0,0,0,0,0,0,1,0,2,2,0,0,,,,
1430926366.94734,public,new_order,4,72000,0,0,18005,0,0,0,18005,0,199,588,6,9,,,,
1430926366.94734,pg_catalog,pg_event_trigger,3,0,27,0,0,0,0,0,0,0,0,0,2,25,,,,
1430926366.94734,pg_catalog,pg_shseclabel,14,0,6,0,0,0,0,0,0,0,0,0,6,0,,,,
1430926366.94734,public,item,4,400000,58,58,100000,0,0,0,100000,0,2607,7817,39,81,,,,
1430926366.94734,pg_catalog,pg_foreign_table,2,0,0,0,0,0,0,0,0,0,0,0,0,0,,,,
1430926366.94734,pg_toast,pg_toast_12659,0,0,0,0,0,0,0,0,0,0,0,0,0,0,,,,
1430926366.94734,pg_catalog,pg_attrdef,3,0,0,0,0,0,0,0,0,0,0,0,0,0,0,0,0,0
1430926366.94734,pg_catalog,pg_ts_template,3,15,0,0,0,0,0,0,5,0,2,2,0,0,,,,
1430926366.94734,pg_catalog,pg_foreign_server,3,0,0,0,0,0,0,0,0,0,0,0,0,0,,,,
1430926366.94734,pg_catalog,pg_default_acl,3,0,59,0,0,0,0,0,0,0,0,0,2,57,,,,
1430926366.94734,pg_toast,pg_toast_12634,0,0,0,0,0,0,0,0,0,0,0,0,0,0,,,,
1430926366.94734,public,warehouse,22,38,0,0,2,5,0,5,2,5,3,23,1,10,,,,
1430926366.94734,pg_catalog,pg_attribute,81,8133,3201,11376,1401,20,1219,1,2491,1218,147,7445,36,12200,,,,
1430926366.94734,pg_catalog,pg_statistic,2,798,1181,996,92,399,0,175,92,306,62,1968,13,3034,32,275,4,233
1430926366.94734,information_schema,sql_sizing,1,23,,,0,0,0,0,23,0,2,0,,,0,0,0,0
1430926366.94734,pg_toast,pg_toast_2618,0,0,67,209,0,0,0,0,0,0,51,40,4,69,,,,
1430926366.94734,pg_toast,pg_toast_3596,0,0,0,0,0,0,0,0,0,0,0,0,0,0,,,,
1430926366.94734,pg_catalog,pg_depend,3,20120,2731,2507,348,0,256,0,6672,256,103,3172,39,6884,,,,
1430926366.94734,information_schema,sql_languages,1,4,,,0,0,0,0,4,0,2,0,,,0,0,0,0
1430926366.94734,pg_catalog,pg_opclass,17,398,398,4871,0,0,0,0,128,0,9,1755,12,508,,,,
1430926366.94734,pg_catalog,pg_proc,3,8073,324,390,6,0,0,0,2691,0,165,502,32,733,0,0,0,0
1430926366.94734,public,district,30,480,0,0,20,10,0,10,20,10,3,38,1,13,,,,
1430926366.94734,pg_catalog,pg_trigger,4,0,0,0,0,0,0,0,0,0,0,0,0,0,0,0,0,0
1430926366.94734,pg_catalog,pg_am,111,123,0,0,0,0,0,0,5,0,3,109,0,0,,,,
1430926366.94734,pg_catalog,pg_largeobject_metadata,2,0,0,0,0,0,0,0,0,0,0,0,0,0,,,,
1430926366.94734,pg_catalog,pg_ts_config_map,2,608,0,0,0,0,0,0,304,0,4,2,0,0,,,,
1430926366.94734,pg_catalog,pg_type,3,1093,1503,1144,173,0,151,0,361,151,28,1529,20,3629,,,,
1430926366.94734,pg_catalog,pg_shdepend,21,21,2378,595,0,0,0,0,1,0,14,609,56,2475,,,,
1430926366.94734,pg_catalog,pg_conversion,4,528,0,0,0,0,0,0,132,0,6,9,0,0,,,,
1430926366.94734,pg_catalog,pg_foreign_data_wrapper,3,0,0,0,0,0,0,0,0,0,0,0,0,0,,,,
1430926366.94734,pg_catalog,pg_opfamily,3,258,0,0,0,0,0,0,86,0,4,4,0,0,,,,
1430926366.94734,pg_catalog,pg_shdescription,14,42,6,0,0,0,0,0,3,0,14,7,12,0,0,0,0,0
1430926366.94734,pg_catalog,pg_tablespace,41,82,457,457,0,0,0,0,2,0,19,486,29,895,,,,
1430926366.94734,pg_catalog,pg_inherits,3,0,84,0,0,0,0,0,0,0,0,0,2,82,,,,
1430926366.94734,public,order_line,4,2274320,0,0,568638,0,0,0,568638,0,35853,20366,9,172,,,,
1430926366.94734,pg_toast,pg_toast_2606,0,0,0,0,0,0,0,0,0,0,0,0,0,0,,,,
1430926366.94734,pg_toast,pg_toast_2964,0,0,0,0,0,0,0,0,0,0,0,0,0,0,,,,
1430926366.94734,pg_catalog,pg_database,231,834,3070,3056,7,0,6,0,4,0,7,3313,68,4719,,,,
1430926366.94734,pg_toast,pg_toast_2620,0,0,0,0,0,0,0,0,0,0,0,0,0,0,,,,
1430926366.94734,pg_catalog,pg_amproc,17,1060,294,472,0,0,0,0,344,0,9,328,9,676,,,,
1430926366.94734,pg_catalog,pg_collation,3,2766,0,0,0,0,0,0,922,0,56,56,0,0,,,,
1430926366.94734,pg_catalog,pg_constraint,5,50,8,0,8,0,0,0,10,0,6,33,8,64,0,0,0,0
1430926366.94734,pg_catalog,pg_range,2,12,2,0,0,0,0,0,6,0,2,1,2,2,,,,
1430926366.94734,pg_toast,pg_toast_12639,0,0,0,0,0,0,0,0,0,0,0,0,0,0,,,,
1430926366.94734,pg_toast,pg_toast_12654,0,0,0,0,0,0,0,0,0,0,0,0,0,0,,,,
1430926366.94734,pg_catalog,pg_user_mapping,3,0,0,0,0,0,0,0,0,0,0,0,0,0,,,,
1430926366.94734,pg_catalog,pg_largeobject,2,0,0,0,0,0,0,0,0,0,0,0,0,0,,,,
1430926366.94734,pg_catalog,pg_namespace,7,42,339,254,0,0,0,0,6,0,3,259,12,430,,,,
1430926366.94734,information_schema,sql_packages,1,10,,,0,0,0,0,10,0,2,0,,,0,0,0,0
1430926366.94734,pg_catalog,pg_authid,111,111,1485,1485,0,0,0,0,1,0,19,1584,62,2910,,,,
1430926366.94734,pg_catalog,pg_index,60,1162,1319,1568,27,0,17,0,123,17,13,1484,12,1532,,,,
1430926366.94734,pg_catalog,pg_ts_dict,3,48,0,0,0,0,0,0,16,0,2,2,0,0,,,,
1430926366.94734,pg_catalog,pg_class,106,5497,3802,3458,122,324,101,68,316,359,29,5345,33,8575,,,,
1430926366.94734,pg_toast,pg_toast_2396,0,0,0,0,0,0,0,0,0,0,0,0,0,0,,,,
1430926366.94734,pg_catalog,pg_enum,4,0,0,0,0,0,0,0,0,0,0,0,0,0,,,,
1430926366.94734,public,orders,6,360000,0,0,60005,0,0,0,60005,0,969,3864,15,27,,,,
1430926366.94734,pg_catalog,pg_db_role_setting,20,0,3404,0,0,0,0,0,0,0,0,0,15,3389,0,0,0,0
1430926366.94734,pg_toast,pg_toast_12649,0,0,0,0,0,0,0,0,0,0,0,0,0,0,,,,
1430926366.94734,information_schema,sql_parts,1,9,,,0,0,0,0,9,0,2,0,,,0,0,0,0
1430926366.94734,pg_catalog,pg_seclabel,2,0,252,0,0,0,0,0,0,0,0,0,2,250,0,0,0,0
1430926366.94734,public,customer,6,360000,17,36,60000,5,0,0,60000,5,27732,18717,19,94,,,,
1430926366.94734,information_schema,sql_implementation_info,1,12,,,0,0,0,0,12,0,2,0,,,0,0,0,0
1430926366.94734,pg_toast,pg_toast_2609,0,0,0,0,0,0,0,0,0,0,0,0,0,0,,,,
1430926366.94734,pg_toast,pg_toast_1255,0,0,0,0,0,0,0,0,0,0,0,0,0,0,,,,
1430926366.94734,pg_toast,pg_toast_12644,0,0,0,0,0,0,0,0,0,0,0,0,0,0,,,,
1430926366.94734,pg_catalog,pg_rewrite,3,327,9,9,0,0,0,0,109,0,27,26,2,14,51,40,8,138
1430926366.94734,pg_catalog,pg_ts_config,3,48,0,0,0,0,0,0,16,0,2,2,0,0,,,,
1430926366.94734,pg_catalog,pg_extension,3,3,0,0,0,0,0,0,1,0,2,2,0,0,,,,
1430926366.94734,pg_catalog,pg_amop,4,1744,284,358,0,0,0,0,436,0,12,366,21,637,,,,
1430926366.94734,pg_catalog,pg_cast,3,594,1840,379,0,0,0,0,198,0,6,381,6,1876,,,,
1430926366.94734,pg_toast,pg_toast_2619,0,0,147,397,72,0,10,0,62,10,32,275,4,233,,,,
1430926366.94734,pg_toast,pg_toast_12629,0,0,0,0,0,0,0,0,0,0,0,0,0,0,,,,
1430926366.94734,pg_toast,pg_toast_2604,0,0,0,0,0,0,0,0,0,0,0,0,0,0,,,,
1430926366.94734,information_schema,sql_features,1,672,,,0,0,0,0,672,0,14,0,,,0,0,0,0
1430926366.94734,public,history,1,60000,,,60005,0,0,0,60005,0,1289,1929,,,,,,
1430926426.95141,pg_catalog,pg_auth_members,21,0,0,0,0,0,0,0,0,0,0,0,0,0,,,,
1430926426.95141,pg_catalog,pg_operator,3,2295,866,5336,0,0,0,0,765,0,42,3743,20,1854,,,,
1430926426.95141,pg_catalog,pg_aggregate,2,266,44,44,0,0,0,0,133,0,5,45,2,66,,,,
1430926426.95141,pg_catalog,pg_pltemplate,14,112,0,0,0,0,0,0,8,0,14,7,0,0,,,,
1430926426.95141,public,stock,4,800000,2751555,2436058,200000,1210477,0,0,200256,813576,60480,4786912,1815,11928475,,,,
1430926426.95141,pg_catalog,pg_description,2,7372,252,0,0,0,0,0,3686,0,64,32,6,501,0,0,0,0
1430926426.95141,pg_catalog,pg_language,4,16,10,10,0,0,0,0,4,0,2,13,4,18,,,,
1430926426.95141,information_schema,sql_sizing_profiles,1,0,,,0,0,0,0,0,0,0,0,,,0,0,0,0
1430926426.95141,pg_catalog,pg_ts_parser,3,3,0,0,0,0,0,0,1,0,2,2,0,0,,,,
1430926426.95141,public,new_order,4,72000,206780,182661,133467,0,76820,0,55637,42508,715,2067074,876,1563565,,,,
1430926426.95141,pg_catalog,pg_event_trigger,3,0,27,0,0,0,0,0,0,0,0,0,2,25,,,,
1430926426.95141,pg_catalog,pg_shseclabel,14,0,6,0,0,0,0,0,0,0,0,0,6,0,,,,
1430926426.95141,public,item,4,400000,1211680,1210480,100000,0,0,0,100000,0,3845,1217001,276,2428789,,,,
1430926426.95141,pg_catalog,pg_foreign_table,2,0,0,0,0,0,0,0,0,0,0,0,0,0,,,,
1430926426.95141,pg_toast,pg_toast_12659,0,0,0,0,0,0,0,0,0,0,0,0,0,0,,,,
1430926426.95141,pg_catalog,pg_attrdef,3,0,0,0,0,0,0,0,0,0,0,0,0,0,0,0,0,0
1430926426.95141,pg_catalog,pg_ts_template,3,15,0,0,0,0,0,0,5,0,2,2,0,0,,,,
1430926426.95141,pg_catalog,pg_foreign_server,3,0,0,0,0,0,0,0,0,0,0,0,0,0,,,,
1430926426.95141,pg_catalog,pg_default_acl,3,0,59,0,0,0,0,0,0,0,0,0,2,57,,,,
1430926426.95141,pg_toast,pg_toast_12634,0,0,0,0,0,0,0,0,0,0,0,0,0,0,,,,
1430926426.95141,public,warehouse,132108,199810,235910,235910,2,110172,0,107974,2,3180,303,7372379,2,238150,,,,
1430926426.95141,pg_catalog,pg_attribute,125,8433,5864,20743,1401,20,1219,1,2491,0,194,11394,57,17608,,,,
1430926426.95141,pg_catalog,pg_statistic,2,798,4099,3908,92,557,0,196,491,163,94,5456,13,9187,47,1432,4,1039
1430926426.95141,information_schema,sql_sizing,1,23,,,0,0,0,0,23,0,2,0,,,0,0,0,0
1430926426.95141,pg_toast,pg_toast_2618,0,0,72,225,0,0,0,0,0,0,51,47,4,77,,,,
1430926426.95141,pg_toast,pg_toast_3596,0,0,0,0,0,0,0,0,0,0,0,0,0,0,,,,
1430926426.95141,pg_catalog,pg_depend,3,20120,2731,2507,348,0,256,0,6672,256,103,3172,39,6884,,,,
1430926426.95141,information_schema,sql_languages,1,4,,,0,0,0,0,4,0,2,0,,,0,0,0,0
1430926426.95141,pg_catalog,pg_opclass,25,406,706,9284,0,0,0,0,128,0,9,3427,12,848,,,,
1430926426.95141,pg_catalog,pg_proc,3,8073,1185,1551,6,0,0,0,2691,0,168,1480,33,2515,0,0,0,0
1430926426.95141,public,district,203795,3674380,292431,292431,20,225639,0,224168,20,1843,434,7752823,6,375191,,,,
1430926426.95141,pg_catalog,pg_trigger,4,0,0,0,0,0,0,0,0,0,0,0,0,0,0,0,0,0
1430926426.95141,pg_catalog,pg_am,124,136,0,0,0,0,0,0,5,0,3,122,0,0,,,,
1430926426.95141,pg_catalog,pg_largeobject_metadata,2,0,0,0,0,0,0,0,0,0,0,0,0,0,,,,
1430926426.95141,pg_catalog,pg_ts_config_map,2,608,0,0,0,0,0,0,304,0,4,2,0,0,,,,
1430926426.95141,pg_catalog,pg_type,3,1093,2293,1934,173,0,151,0,361,0,36,2346,25,5229,,,,
1430926426.95141,pg_catalog,pg_shdepend,21,21,2378,595,0,0,0,0,1,0,14,609,56,2475,,,,
1430926426.95141,pg_catalog,pg_conversion,4,528,0,0,0,0,0,0,132,0,6,9,0,0,,,,
1430926426.95141,pg_catalog,pg_foreign_data_wrapper,3,0,0,0,0,0,0,0,0,0,0,0,0,0,,,,
1430926426.95141,pg_catalog,pg_opfamily,3,258,0,0,0,0,0,0,86,0,4,4,0,0,,,,
1430926426.95141,pg_catalog,pg_shdescription,14,42,6,0,0,0,0,0,3,0,14,7,12,0,0,0,0,0
1430926426.95141,pg_catalog,pg_tablespace,41,82,517,517,0,0,0,0,2,0,20,545,32,1014,,,,
1430926426.95141,pg_catalog,pg_inherits,3,0,84,0,0,0,0,0,0,0,0,0,2,82,,,,
1430926426.95141,public,order_line,4,2274320,227291,2555580,1779057,1060960,0,634305,1737037,216578,60993,4846232,12151,5642785,,,,
1430926426.95141,pg_toast,pg_toast_2606,0,0,0,0,0,0,0,0,0,0,0,0,0,0,,,,
1430926426.95141,pg_toast,pg_toast_2964,0,0,0,0,0,0,0,0,0,0,0,0,0,0,,,,
1430926426.95141,pg_catalog,pg_database,243,852,3281,3267,7,0,6,0,4,0,7,3536,72,5055,,,,
1430926426.95141,pg_toast,pg_toast_2620,0,0,0,0,0,0,0,0,0,0,0,0,0,0,,,,
1430926426.95141,pg_catalog,pg_amproc,25,1076,495,740,0,0,0,0,344,0,9,547,9,1091,,,,
1430926426.95141,pg_catalog,pg_collation,3,2766,0,0,0,0,0,0,922,0,56,56,0,0,,,,
1430926426.95141,pg_catalog,pg_constraint,5,50,8,0,8,0,0,0,10,0,6,33,8,64,0,0,0,0
1430926426.95141,pg_catalog,pg_range,2,12,2,0,0,0,0,0,6,0,2,1,2,2,,,,
1430926426.95141,pg_toast,pg_toast_12639,0,0,0,0,0,0,0,0,0,0,0,0,0,0,,,,
1430926426.95141,pg_toast,pg_toast_12654,0,0,0,0,0,0,0,0,0,0,0,0,0,0,,,,
1430926426.95141,pg_catalog,pg_user_mapping,3,0,0,0,0,0,0,0,0,0,0,0,0,0,,,,
1430926426.95141,pg_catalog,pg_largeobject,2,0,0,0,0,0,0,0,0,0,0,0,0,0,,,,
1430926426.95141,pg_catalog,pg_namespace,9,54,515,413,0,0,0,0,6,0,3,420,12,626,,,,
1430926426.95141,information_schema,sql_packages,1,10,,,0,0,0,0,10,0,2,0,,,0,0,0,0
1430926426.95141,pg_catalog,pg_authid,123,123,1607,1607,0,0,0,0,1,0,20,1717,66,3152,,,,
1430926426.95141,pg_catalog,pg_index,93,1805,2199,2577,27,0,17,0,123,17,13,2423,12,2443,,,,
1430926426.95141,pg_catalog,pg_ts_dict,3,48,0,0,0,0,0,0,16,0,2,2,0,0,,,,
1430926426.95141,pg_catalog,pg_class,164,8406,6487,5970,122,324,101,68,316,0,33,8196,34,11954,,,,
1430926426.95141,pg_toast,pg_toast_2396,0,0,0,0,0,0,0,0,0,0,0,0,0,0,,,,
1430926426.95141,pg_catalog,pg_enum,4,0,0,0,0,0,0,0,0,0,0,0,0,0,,,,
1430926426.95141,public,orders,6,360000,217076,258259,175467,103390,0,82708,174286,1778,2452,551441,1984,1475742,,,,
1430926426.95141,pg_catalog,pg_db_role_setting,20,0,3668,0,0,0,0,0,0,0,0,0,16,3652,0,0,0,0
1430926426.95141,pg_toast,pg_toast_12649,0,0,0,0,0,0,0,0,0,0,0,0,0,0,,,,
1430926426.95141,information_schema,sql_parts,1,9,,,0,0,0,0,9,0,2,0,,,0,0,0,0
1430926426.95141,pg_catalog,pg_seclabel,2,0,252,0,0,0,0,0,0,0,0,0,2,250,0,0,0,0
1430926426.95141,public,customer,6,360000,521551,1295990,60000,213562,0,185200,59863,20354,33868,1737321,1271,1747670,,,,
1430926426.95141,information_schema,sql_implementation_info,1,12,,,0,0,0,0,12,0,2,0,,,0,0,0,0
1430926426.95141,pg_toast,pg_toast_2609,0,0,0,0,0,0,0,0,0,0,0,0,0,0,,,,
1430926426.95141,pg_toast,pg_toast_1255,0,0,0,0,0,0,0,0,0,0,0,0,0,0,,,,
1430926426.95141,pg_toast,pg_toast_12644,0,0,0,0,0,0,0,0,0,0,0,0,0,0,,,,
1430926426.95141,pg_catalog,pg_rewrite,3,327,16,16,0,0,0,0,109,0,27,33,2,26,51,47,8,154
1430926426.95141,pg_catalog,pg_ts_config,3,48,0,0,0,0,0,0,16,0,2,2,0,0,,,,
1430926426.95141,pg_catalog,pg_extension,3,3,0,0,0,0,0,0,1,0,2,2,0,0,,,,
1430926426.95141,pg_catalog,pg_amop,4,1744,706,911,0,0,0,0,436,0,12,919,23,1513,,,,
1430926426.95141,pg_catalog,pg_cast,3,594,4590,937,0,0,0,0,198,0,6,939,6,4644,,,,
1430926426.95141,pg_toast,pg_toast_2619,0,0,881,2599,131,0,68,0,63,68,47,1432,4,1039,,,,
1430926426.95141,pg_toast,pg_toast_12629,0,0,0,0,0,0,0,0,0,0,0,0,0,0,,,,
1430926426.95141,pg_toast,pg_toast_2604,0,0,0,0,0,0,0,0,0,0,0,0,0,0,,,,
1430926426.95141,information_schema,sql_features,1,672,,,0,0,0,0,672,0,14,0,,,0,0,0,0
1430926426.95141,public,history,1,60000,,,170172,0,0,0,170009,0,3203,115237,,,,,,
1430926486.95192,pg_catalog,pg_auth_members,21,0,0,0,0,0,0,0,0,0,0,0,0,0,,,,
1430926486.95192,pg_catalog,pg_operator,3,2295,889,5359,0,0,0,0,765,0,42,3766,20,1909,,,,
1430926486.95192,pg_catalog,pg_aggregate,2,266,45,45,0,0,0,0,133,0,5,46,2,68,,,,
1430926486.95192,pg_catalog,pg_pltemplate,14,112,0,0,0,0,0,0,8,0,14,7,0,0,,,,
1430926486.95192,public,stock,4,800000,5264045,4682025,200000,2326865,0,0,197017,725073,61752,9378680,1886,22900231,,,,
1430926486.95192,pg_catalog,pg_description,2,7372,252,0,0,0,0,0,3686,0,64,32,6,501,0,0,0,0
1430926486.95192,pg_catalog,pg_language,4,16,10,10,0,0,0,0,4,0,2,13,4,18,,,,
1430926486.95192,information_schema,sql_sizing_profiles,1,0,,,0,0,0,0,0,0,0,0,,,0,0,0,0
1430926486.95192,pg_catalog,pg_ts_parser,3,3,0,0,0,0,0,0,1,0,2,2,0,0,,,,
1430926486.95192,public,new_order,4,72000,395240,347658,239805,0,145260,0,92169,30704,1041,4732067,1449,3947777,,,,
1430926486.95192,pg_catalog,pg_event_trigger,3,0,27,0,0,0,0,0,0,0,0,0,2,25,,,,
1430926486.95192,pg_catalog,pg_shseclabel,14,0,6,0,0,0,0,0,0,0,0,0,6,0,,,,
1430926486.95192,public,item,4,400000,2329119,2326875,100000,0,0,0,100000,0,3845,2333396,276,4668898,,,,
1430926486.95192,pg_catalog,pg_foreign_table,2,0,0,0,0,0,0,0,0,0,0,0,0,0,,,,
1430926486.95192,pg_toast,pg_toast_12659,0,0,0,0,0,0,0,0,0,0,0,0,0,0,,,,
1430926486.95192,pg_catalog,pg_attrdef,3,0,0,0,0,0,0,0,0,0,0,0,0,0,0,0,0,0
1430926486.95192,pg_catalog,pg_ts_template,3,15,0,0,0,0,0,0,5,0,2,2,0,0,,,,
1430926486.95192,pg_catalog,pg_foreign_server,3,0,0,0,0,0,0,0,0,0,0,0,0,0,,,,
1430926486.95192,pg_catalog,pg_default_acl,3,0,59,0,0,0,0,0,0,0,0,0,2,57,,,,
1430926486.95192,pg_toast,pg_toast_12634,0,0,0,0,0,0,0,0,0,0,0,0,0,0,,,,
1430926486.95192,public,warehouse,132108,199810,545682,545682,2,211889,0,207621,1,2890,358,11416312,2,550013,,,,
1430926486.95192,pg_catalog,pg_attribute,125,8433,6643,24984,1401,20,1219,1,2491,0,194,12501,57,19174,,,,
1430926486.95192,pg_catalog,pg_statistic,2,798,5602,5405,92,635,0,241,491,220,95,7119,13,12265,62,2242,4,1493
1430926486.95192,information_schema,sql_sizing,1,23,,,0,0,0,0,23,0,2,0,,,0,0,0,0
1430926486.95192,pg_toast,pg_toast_2618,0,0,77,241,0,0,0,0,0,0,51,54,4,85,,,,
1430926486.95192,pg_toast,pg_toast_3596,0,0,0,0,0,0,0,0,0,0,0,0,0,0,,,,
1430926486.95192,pg_catalog,pg_depend,3,20120,2731,2507,348,0,256,0,6672,256,103,3172,39,6884,,,,
1430926486.95192,information_schema,sql_languages,1,4,,,0,0,0,0,4,0,2,0,,,0,0,0,0
1430926486.95192,pg_catalog,pg_opclass,25,406,756,9759,0,0,0,0,128,0,9,3601,12,908,,,,
1430926486.95192,pg_catalog,pg_proc,3,8073,1263,1664,6,0,0,0,2691,0,168,1573,33,2681,0,0,0,0
1430926486.95192,public,district,203795,3674380,731209,731209,20,433694,0,430319,15,2176,608,11548129,6,1320542,,,,
1430926486.95192,pg_catalog,pg_trigger,4,0,0,0,0,0,0,0,0,0,0,0,0,0,0,0,0,0
1430926486.95192,pg_catalog,pg_am,130,142,0,0,0,0,0,0,5,0,3,128,0,0,,,,
1430926486.95192,pg_catalog,pg_largeobject_metadata,2,0,0,0,0,0,0,0,0,0,0,0,0,0,,,,
1430926486.95192,pg_catalog,pg_ts_config_map,2,608,0,0,0,0,0,0,304,0,4,2,0,0,,,,
1430926486.95192,pg_catalog,pg_type,3,1093,2392,2033,173,0,151,0,361,0,36,2445,25,5433,,,,
1430926486.95192,pg_catalog,pg_shdepend,21,21,2378,595,0,0,0,0,1,0,14,609,56,2475,,,,
1430926486.95192,pg_catalog,pg_conversion,4,528,0,0,0,0,0,0,132,0,6,9,0,0,,,,
1430926486.95192,pg_catalog,pg_foreign_data_wrapper,3,0,0,0,0,0,0,0,0,0,0,0,0,0,,,,
1430926486.95192,pg_catalog,pg_opfamily,3,258,0,0,0,0,0,0,86,0,4,4,0,0,,,,
1430926486.95192,pg_catalog,pg_shdescription,14,42,6,0,0,0,0,0,3,0,14,7,12,0,0,0,0,0
1430926486.95192,pg_catalog,pg_tablespace,41,82,522,522,0,0,0,0,2,0,20,550,32,1024,,,,
1430926486.95192,pg_catalog,pg_inherits,3,0,84,0,0,0,0,0,0,0,0,0,2,82,,,,
1430926486.95192,public,order_line,4,2274320,434784,4911597,2895445,2050493,0,1240847,2818938,235724,75378,9359781,21131,10819021,,,,
1430926486.95192,pg_toast,pg_toast_2606,0,0,0,0,0,0,0,0,0,0,0,0,0,0,,,,
1430926486.95192,pg_toast,pg_toast_2964,0,0,0,0,0,0,0,0,0,0,0,0,0,0,,,,
1430926486.95192,pg_catalog,pg_database,247,868,3333,3319,7,0,6,0,4,0,7,3592,72,5123,,,,
1430926486.95192,pg_toast,pg_toast_2620,0,0,0,0,0,0,0,0,0,0,0,0,0,0,,,,
1430926486.95192,pg_catalog,pg_amproc,25,1076,541,812,0,0,0,0,344,0,9,590,9,1189,,,,
1430926486.95192,pg_catalog,pg_collation,3,2766,0,0,0,0,0,0,922,0,56,56,0,0,,,,
1430926486.95192,pg_catalog,pg_constraint,5,50,8,0,8,0,0,0,10,0,6,33,8,64,0,0,0,0
1430926486.95192,pg_catalog,pg_range,2,12,2,0,0,0,0,0,6,0,2,1,2,2,,,,
1430926486.95192,pg_toast,pg_toast_12639,0,0,0,0,0,0,0,0,0,0,0,0,0,0,,,,
1430926486.95192,pg_toast,pg_toast_12654,0,0,0,0,0,0,0,0,0,0,0,0,0,0,,,,
1430926486.95192,pg_catalog,pg_user_mapping,3,0,0,0,0,0,0,0,0,0,0,0,0,0,,,,
1430926486.95192,pg_catalog,pg_largeobject,2,0,0,0,0,0,0,0,0,0,0,0,0,0,,,,
1430926486.95192,pg_catalog,pg_namespace,11,66,655,548,0,0,0,0,6,0,3,557,12,774,,,,
1430926486.95192,information_schema,sql_packages,1,10,,,0,0,0,0,10,0,2,0,,,0,0,0,0
1430926486.95192,pg_catalog,pg_authid,124,124,1619,1619,0,0,0,0,1,0,20,1730,66,3176,,,,
1430926486.95192,pg_catalog,pg_index,98,2420,2534,2987,27,0,17,0,123,17,13,2772,12,2790,,,,
1430926486.95192,pg_catalog,pg_ts_dict,3,48,0,0,0,0,0,0,16,0,2,2,0,0,,,,
1430926486.95192,pg_catalog,pg_class,191,11284,7858,7218,122,324,101,68,316,0,33,9686,34,13655,,,,
1430926486.95192,pg_toast,pg_toast_2396,0,0,0,0,0,0,0,0,0,0,0,0,0,0,,,,
1430926486.95192,pg_catalog,pg_enum,4,0,0,0,0,0,0,0,0,0,0,0,0,0,,,,
1430926486.95192,public,orders,6,360000,415068,569075,281805,197620,0,156123,280246,22768,3442,1131156,3448,2839094,,,,
1430926486.95192,pg_catalog,pg_db_role_setting,20,0,3700,0,0,0,0,0,0,0,0,0,16,3684,0,0,0,0
1430926486.95192,pg_toast,pg_toast_12649,0,0,0,0,0,0,0,0,0,0,0,0,0,0,,,,
1430926486.95192,information_schema,sql_parts,1,9,,,0,0,0,0,9,0,2,0,,,0,0,0,0
1430926486.95192,pg_catalog,pg_seclabel,2,0,252,0,0,0,0,0,0,0,0,0,2,250,0,0,0,0
1430926486.95192,public,customer,6,360000,1001725,2483787,60000,409509,0,368204,59954,16043,34100,3305879,1304,3282781,,,,
1430926486.95192,information_schema,sql_implementation_info,1,12,,,0,0,0,0,12,0,2,0,,,0,0,0,0
1430926486.95192,pg_toast,pg_toast_2609,0,0,0,0,0,0,0,0,0,0,0,0,0,0,,,,
1430926486.95192,pg_toast,pg_toast_1255,0,0,0,0,0,0,0,0,0,0,0,0,0,0,,,,
1430926486.95192,pg_toast,pg_toast_12644,0,0,0,0,0,0,0,0,0,0,0,0,0,0,,,,
1430926486.95192,pg_catalog,pg_rewrite,3,327,23,23,0,0,0,0,109,0,27,40,2,38,51,54,8,170
1430926486.95192,pg_catalog,pg_ts_config,3,48,0,0,0,0,0,0,16,0,2,2,0,0,,,,
1430926486.95192,pg_catalog,pg_extension,3,3,0,0,0,0,0,0,1,0,2,2,0,0,,,,
1430926486.95192,pg_catalog,pg_amop,4,1744,763,977,0,0,0,0,436,0,12,985,23,1637,,,,
1430926486.95192,pg_catalog,pg_cast,3,594,4773,985,0,0,0,0,198,0,6,987,6,4833,,,,
1430926486.95192,pg_toast,pg_toast_2619,0,0,1277,3795,187,0,126,0,69,58,62,2242,4,1493,,,,
1430926486.95192,pg_toast,pg_toast_12629,0,0,0,0,0,0,0,0,0,0,0,0,0,0,,,,
1430926486.95192,pg_toast,pg_toast_2604,0,0,0,0,0,0,0,0,0,0,0,0,0,0,,,,
1430926486.95192,information_schema,sql_features,1,672,,,0,0,0,0,672,0,14,0,,,0,0,0,0
1430926486.95192,public,history,1,60000,,,271889,0,0,0,270703,0,5008,221197,,,,,,
1430926546.96093,pg_catalog,pg_auth_members,21,0,0,0,0,0,0,0,0,0,0,0,0,0,,,,
1430926546.96093,pg_catalog,pg_operator,3,2295,912,5382,0,0,0,0,765,0,42,3789,20,1964,,,,
1430926546.96093,pg_catalog,pg_aggregate,2,266,46,46,0,0,0,0,133,0,5,47,2,70,,,,
1430926546.96093,pg_catalog,pg_pltemplate,14,112,0,0,0,0,0,0,8,0,14,7,0,0,,,,
1430926546.96093,public,stock,4,800000,8219631,7305138,200000,3630427,0,0,196471,829842,62224,13900966,1886,35793043,,,,
1430926546.96093,pg_catalog,pg_description,2,7372,252,0,0,0,0,0,3686,0,64,32,6,501,0,0,0,0
1430926546.96093,pg_catalog,pg_language,4,16,10,10,0,0,0,0,4,0,2,13,4,18,,,,
1430926546.96093,information_schema,sql_sizing_profiles,1,0,,,0,0,0,0,0,0,0,0,,,0,0,0,0
1430926546.96093,pg_catalog,pg_ts_parser,3,3,0,0,0,0,0,0,1,0,2,2,0,0,,,,
1430926546.96093,public,new_order,4,72000,615960,541533,363964,0,226090,0,134244,36820,1201,6672202,1962,6621945,,,,
1430926546.96093,pg_catalog,pg_event_trigger,3,0,27,0,0,0,0,0,0,0,0,0,2,25,,,,
1430926546.96093,pg_catalog,pg_shseclabel,14,0,6,0,0,0,0,0,0,0,0,0,6,0,,,,
1430926546.96093,public,item,4,400000,3633945,3630441,100000,0,0,0,100000,0,3845,3636962,276,7284692,,,,
1430926546.96093,pg_catalog,pg_foreign_table,2,0,0,0,0,0,0,0,0,0,0,0,0,0,,,,
1430926546.96093,pg_toast,pg_toast_12659,0,0,0,0,0,0,0,0,0,0,0,0,0,0,,,,
1430926546.96093,pg_catalog,pg_attrdef,3,0,0,0,0,0,0,0,0,0,0,0,0,0,0,0,0,0
1430926546.96093,pg_catalog,pg_ts_template,3,15,0,0,0,0,0,0,5,0,2,2,0,0,,,,
1430926546.96093,pg_catalog,pg_foreign_server,3,0,0,0,0,0,0,0,0,0,0,0,0,0,,,,
1430926546.96093,pg_catalog,pg_default_acl,3,0,59,0,0,0,0,0,0,0,0,0,2,57,,,,
1430926546.96093,pg_toast,pg_toast_12634,0,0,0,0,0,0,0,0,0,0,0,0,0,0,,,,
1430926546.96093,public,warehouse,132108,199810,907925,907925,2,330931,0,324235,2,3730,406,14777266,2,914705,,,,
1430926546.96093,pg_catalog,pg_attribute,180,8808,7868,31388,1401,20,1219,1,2491,0,194,14845,57,21637,,,,
1430926546.96093,pg_catalog,pg_statistic,2,798,7294,7091,92,722,0,305,491,62,105,9064,13,15726,62,2941,4,1964
1430926546.96093,information_schema,sql_sizing,1,23,,,0,0,0,0,23,0,2,0,,,0,0,0,0
1430926546.96093,pg_toast,pg_toast_2618,0,0,82,257,0,0,0,0,0,0,51,61,4,93,,,,
1430926546.96093,pg_toast,pg_toast_3596,0,0,0,0,0,0,0,0,0,0,0,0,0,0,,,,
1430926546.96093,pg_catalog,pg_depend,3,20120,2731,2507,348,0,256,0,6672,256,103,3172,39,6884,,,,
1430926546.96093,information_schema,sql_languages,1,4,,,0,0,0,0,4,0,2,0,,,0,0,0,0
1430926546.96093,pg_catalog,pg_opclass,35,416,810,10238,0,0,0,0,128,0,9,3789,12,972,,,,
1430926546.96093,pg_catalog,pg_proc,3,8073,1341,1777,6,0,0,0,2691,0,168,1666,33,2847,0,0,0,0
1430926546.96093,public,district,203795,3674380,1244392,1244392,20,676895,0,672095,18,1555,759,14873538,6,2425128,,,,
1430926546.96093,pg_catalog,pg_trigger,4,0,0,0,0,0,0,0,0,0,0,0,0,0,0,0,0,0
1430926546.96093,pg_catalog,pg_am,136,148,0,0,0,0,0,0,5,0,3,134,0,0,,,,
1430926546.96093,pg_catalog,pg_largeobject_metadata,2,0,0,0,0,0,0,0,0,0,0,0,0,0,,,,
1430926546.96093,pg_catalog,pg_ts_config_map,2,608,0,0,0,0,0,0,304,0,4,2,0,0,,,,
1430926546.96093,pg_catalog,pg_type,3,1093,2491,2132,173,0,151,0,361,0,36,2544,25,5637,,,,
1430926546.96093,pg_catalog,pg_shdepend,21,21,2378,595,0,0,0,0,1,0,14,609,56,2475,,,,
1430926546.96093,pg_catalog,pg_conversion,4,528,0,0,0,0,0,0,132,0,6,9,0,0,,,,
1430926546.96093,pg_catalog,pg_foreign_data_wrapper,3,0,0,0,0,0,0,0,0,0,0,0,0,0,,,,
1430926546.96093,pg_catalog,pg_opfamily,3,258,0,0,0,0,0,0,86,0,4,4,0,0,,,,
1430926546.96093,pg_catalog,pg_shdescription,14,42,6,0,0,0,0,0,3,0,14,7,12,0,0,0,0,0
1430926546.96093,pg_catalog,pg_tablespace,41,82,527,527,0,0,0,0,2,0,20,555,32,1034,,,,
1430926546.96093,pg_catalog,pg_inherits,3,0,84,0,0,0,0,0,0,0,0,0,2,82,,,,
1430926546.96093,public,order_line,4,2274320,677665,7694579,4199007,3210377,0,1962671,4135308,261562,91634,14569987,31216,16844036,,,,
1430926546.96093,pg_toast,pg_toast_2606,0,0,0,0,0,0,0,0,0,0,0,0,0,0,,,,
1430926546.96093,pg_toast,pg_toast_2964,0,0,0,0,0,0,0,0,0,0,0,0,0,0,,,,
1430926546.96093,pg_catalog,pg_database,249,876,3377,3363,7,0,6,0,4,0,7,3638,72,5179,,,,
1430926546.96093,pg_toast,pg_toast_2620,0,0,0,0,0,0,0,0,0,0,0,0,0,0,,,,
1430926546.96093,pg_catalog,pg_amproc,35,1096,591,876,0,0,0,0,344,0,9,667,9,1295,,,,
1430926546.96093,pg_catalog,pg_collation,3,2766,0,0,0,0,0,0,922,0,56,56,0,0,,,,
1430926546.96093,pg_catalog,pg_constraint,5,50,8,0,8,0,0,0,10,0,6,33,8,64,0,0,0,0
1430926546.96093,pg_catalog,pg_range,2,12,2,0,0,0,0,0,6,0,2,1,2,2,,,,
1430926546.96093,pg_toast,pg_toast_12639,0,0,0,0,0,0,0,0,0,0,0,0,0,0,,,,
1430926546.96093,pg_toast,pg_toast_12654,0,0,0,0,0,0,0,0,0,0,0,0,0,0,,,,
1430926546.96093,pg_catalog,pg_user_mapping,3,0,0,0,0,0,0,0,0,0,0,0,0,0,,,,
1430926546.96093,pg_catalog,pg_largeobject,2,0,0,0,0,0,0,0,0,0,0,0,0,0,,,,
1430926546.96093,pg_catalog,pg_namespace,13,78,795,683,0,0,0,0,6,0,3,694,12,922,,,,
1430926546.96093,information_schema,sql_packages,1,10,,,0,0,0,0,10,0,2,0,,,0,0,0,0
1430926546.96093,pg_catalog,pg_authid,125,125,1629,1629,0,0,0,0,1,0,20,1741,66,3196,,,,
1430926546.96093,pg_catalog,pg_index,138,3070,3121,3649,27,0,17,0,123,17,13,3428,12,3389,,,,
1430926546.96093,pg_catalog,pg_ts_dict,3,48,0,0,0,0,0,0,16,0,2,2,0,0,,,,
1430926546.96093,pg_catalog,pg_class,256,14200,9707,8944,122,324,101,68,316,0,33,11718,34,15807,,,,
1430926546.96093,pg_toast,pg_toast_2396,0,0,0,0,0,0,0,0,0,0,0,0,0,0,,,,
1430926546.96093,pg_catalog,pg_enum,4,0,0,0,0,0,0,0,0,0,0,0,0,0,,,,
1430926546.96093,public,orders,6,360000,646943,1011575,405964,307980,0,248810,402282,45416,4556,1870462,4893,4393210,,,,
1430926546.96093,pg_catalog,pg_db_role_setting,20,0,3724,0,0,0,0,0,0,0,0,0,16,3708,0,0,0,0
1430926546.96093,pg_toast,pg_toast_12649,0,0,0,0,0,0,0,0,0,0,0,0,0,0,,,,
1430926546.96093,information_schema,sql_parts,1,9,,,0,0,0,0,9,0,2,0,,,0,0,0,0
1430926546.96093,pg_catalog,pg_seclabel,2,0,252,0,0,0,0,0,0,0,0,0,2,250,0,0,0,0
1430926546.96093,public,customer,6,360000,1563800,3884200,60000,638911,0,589640,59876,12402,34172,5087871,1304,5037021,,,,
1430926546.96093,information_schema,sql_implementation_info,1,12,,,0,0,0,0,12,0,2,0,,,0,0,0,0
1430926546.96093,pg_toast,pg_toast_2609,0,0,0,0,0,0,0,0,0,0,0,0,0,0,,,,
1430926546.96093,pg_toast,pg_toast_1255,0,0,0,0,0,0,0,0,0,0,0,0,0,0,,,,
1430926546.96093,pg_toast,pg_toast_12644,0,0,0,0,0,0,0,0,0,0,0,0,0,0,,,,
1430926546.96093,pg_catalog,pg_rewrite,3,327,30,30,0,0,0,0,109,0,27,47,2,50,51,61,8,186
1430926546.96093,pg_catalog,pg_ts_config,3,48,0,0,0,0,0,0,16,0,2,2,0,0,,,,
1430926546.96093,pg_catalog,pg_extension,3,3,0,0,0,0,0,0,1,0,2,2,0,0,,,,
1430926546.96093,pg_catalog,pg_amop,4,1744,820,1043,0,0,0,0,436,0,12,1051,23,1761,,,,
1430926546.96093,pg_catalog,pg_cast,3,594,4956,1033,0,0,0,0,198,0,6,1035,6,5022,,,,
1430926546.96093,pg_toast,pg_toast_2619,0,0,1671,4987,243,0,182,0,69,114,62,2941,4,1964,,,,
1430926546.96093,pg_toast,pg_toast_12629,0,0,0,0,0,0,0,0,0,0,0,0,0,0,,,,
1430926546.96093,pg_toast,pg_toast_2604,0,0,0,0,0,0,0,0,0,0,0,0,0,0,,,,
1430926546.96093,information_schema,sql_features,1,672,,,0,0,0,0,672,0,14,0,,,0,0,0,0
1430926546.96093,public,history,1,60000,,,390931,0,0,0,390690,0,7013,346164,,,,,,
1430926606.96216,pg_catalog,pg_auth_members,21,0,0,0,0,0,0,0,0,0,0,0,0,0,,,,
1430926606.96216,pg_catalog,pg_operator,3,2295,929,5399,0,0,0,0,765,0,42,3806,20,2006,,,,
1430926606.96216,pg_catalog,pg_aggregate,2,266,47,47,0,0,0,0,133,0,5,48,2,72,,,,
1430926606.96216,pg_catalog,pg_pltemplate,14,112,0,0,0,0,0,0,8,0,14,7,0,0,,,,
1430926606.96216,public,stock,4,800000,9995254,8891282,200000,4418892,0,0,198353,146374,62226,16348098,1886,43553917,,,,
1430926606.96216,pg_catalog,pg_description,2,7372,252,0,0,0,0,0,3686,0,64,32,6,501,0,0,0,0
1430926606.96216,pg_catalog,pg_language,4,16,10,10,0,0,0,0,4,0,2,13,4,18,,,,
1430926606.96216,information_schema,sql_sizing_profiles,1,0,,,0,0,0,0,0,0,0,0,,,0,0,0,0
1430926606.96216,pg_catalog,pg_ts_parser,3,3,0,0,0,0,0,0,1,0,2,2,0,0,,,,
1430926606.96216,public,new_order,4,72000,747420,655959,439264,0,273020,0,161860,84504,1547,7220263,2293,8721030,,,,
1430926606.96216,pg_catalog,pg_event_trigger,3,0,27,0,0,0,0,0,0,0,0,0,2,25,,,,
1430926606.96216,pg_catalog,pg_shseclabel,14,0,6,0,0,0,0,0,0,0,0,0,6,0,,,,
1430926606.96216,public,item,4,400000,4423164,4418908,100000,0,0,0,100000,0,3845,4425429,276,8866829,,,,
1430926606.96216,pg_catalog,pg_foreign_table,2,0,0,0,0,0,0,0,0,0,0,0,0,0,,,,
1430926606.96216,pg_toast,pg_toast_12659,0,0,0,0,0,0,0,0,0,0,0,0,0,0,,,,
1430926606.96216,pg_catalog,pg_attrdef,3,0,0,0,0,0,0,0,0,0,0,0,0,0,0,0,0,0
1430926606.96216,pg_catalog,pg_ts_template,3,15,0,0,0,0,0,0,5,0,2,2,0,0,,,,
1430926606.96216,pg_catalog,pg_foreign_server,3,0,0,0,0,0,0,0,0,0,0,0,0,0,,,,
1430926606.96216,pg_catalog,pg_default_acl,3,0,59,0,0,0,0,0,0,0,0,0,2,57,,,,
1430926606.96216,pg_toast,pg_toast_12634,0,0,0,0,0,0,0,0,0,0,0,0,0,0,,,,
1430926606.96216,public,warehouse,132108,199810,1128995,1128995,2,403816,0,395625,2,2718,406,16149983,2,1137290,,,,
1430926606.96216,pg_catalog,pg_attribute,180,8808,8286,33686,1401,20,1219,1,2491,0,194,15467,57,22480,,,,
1430926606.96216,pg_catalog,pg_statistic,2,798,7879,7670,92,722,0,305,491,57,105,9643,13,16901,62,3221,4,2184
1430926606.96216,information_schema,sql_sizing,1,23,,,0,0,0,0,23,0,2,0,,,0,0,0,0
1430926606.96216,pg_toast,pg_toast_2618,0,0,87,273,0,0,0,0,0,0,51,68,4,101,,,,
1430926606.96216,pg_toast,pg_toast_3596,0,0,0,0,0,0,0,0,0,0,0,0,0,0,,,,
1430926606.96216,pg_catalog,pg_depend,3,20120,2731,2507,348,0,256,0,6672,256,103,3172,39,6884,,,,
1430926606.96216,information_schema,sql_languages,1,4,,,0,0,0,0,4,0,2,0,,,0,0,0,0
1430926606.96216,pg_catalog,pg_opclass,35,416,823,10418,0,0,0,0,128,0,9,3854,12,993,,,,
1430926606.96216,pg_catalog,pg_proc,3,8073,1419,1890,6,0,0,0,2691,0,168,1759,33,3013,0,0,0,0
1430926606.96216,public,district,203795,3674380,1556670,1556670,20,825080,0,819997,20,1315,759,16619161,6,3095251,,,,
1430926606.96216,pg_catalog,pg_trigger,4,0,0,0,0,0,0,0,0,0,0,0,0,0,0,0,0,0
1430926606.96216,pg_catalog,pg_am,141,153,0,0,0,0,0,0,5,0,3,139,0,0,,,,
1430926606.96216,pg_catalog,pg_largeobject_metadata,2,0,0,0,0,0,0,0,0,0,0,0,0,0,,,,
1430926606.96216,pg_catalog,pg_ts_config_map,2,608,0,0,0,0,0,0,304,0,4,2,0,0,,,,
1430926606.96216,pg_catalog,pg_type,3,1093,2583,2224,173,0,151,0,361,0,36,2636,25,5826,,,,
1430926606.96216,pg_catalog,pg_shdepend,21,21,2378,595,0,0,0,0,1,0,14,609,56,2475,,,,
1430926606.96216,pg_catalog,pg_conversion,4,528,0,0,0,0,0,0,132,0,6,9,0,0,,,,
1430926606.96216,pg_catalog,pg_foreign_data_wrapper,3,0,0,0,0,0,0,0,0,0,0,0,0,0,,,,
1430926606.96216,pg_catalog,pg_opfamily,3,258,0,0,0,0,0,0,86,0,4,4,0,0,,,,
1430926606.96216,pg_catalog,pg_shdescription,14,42,6,0,0,0,0,0,3,0,14,7,12,0,0,0,0,0
1430926606.96216,pg_catalog,pg_tablespace,41,82,532,532,0,0,0,0,2,0,20,560,32,1044,,,,
1430926606.96216,pg_catalog,pg_inherits,3,0,84,0,0,0,0,0,0,0,0,0,2,82,,,,
1430926606.96216,public,order_line,4,2274320,822466,9341300,4987472,3900219,0,2424679,4916648,599930,101494,17440883,37015,20352662,,,,
1430926606.96216,pg_toast,pg_toast_2606,0,0,0,0,0,0,0,0,0,0,0,0,0,0,,,,
1430926606.96216,pg_toast,pg_toast_2964,0,0,0,0,0,0,0,0,0,0,0,0,0,0,,,,
1430926606.96216,pg_catalog,pg_database,252,888,3425,3411,7,0,6,0,4,0,7,3689,72,5241,,,,
1430926606.96216,pg_toast,pg_toast_2620,0,0,0,0,0,0,0,0,0,0,0,0,0,0,,,,
1430926606.96216,pg_catalog,pg_amproc,35,1096,603,893,0,0,0,0,344,0,9,679,9,1324,,,,
1430926606.96216,pg_catalog,pg_collation,3,2766,0,0,0,0,0,0,922,0,56,56,0,0,,,,
1430926606.96216,pg_catalog,pg_constraint,5,50,8,0,8,0,0,0,10,0,6,33,8,64,0,0,0,0
1430926606.96216,pg_catalog,pg_range,2,12,2,0,0,0,0,0,6,0,2,1,2,2,,,,
1430926606.96216,pg_toast,pg_toast_12639,0,0,0,0,0,0,0,0,0,0,0,0,0,0,,,,
1430926606.96216,pg_toast,pg_toast_12654,0,0,0,0,0,0,0,0,0,0,0,0,0,0,,,,
1430926606.96216,pg_catalog,pg_user_mapping,3,0,0,0,0,0,0,0,0,0,0,0,0,0,,,,
1430926606.96216,pg_catalog,pg_largeobject,2,0,0,0,0,0,0,0,0,0,0,0,0,0,,,,
1430926606.96216,pg_catalog,pg_namespace,15,90,933,816,0,0,0,0,6,0,3,829,12,1067,,,,
1430926606.96216,information_schema,sql_packages,1,10,,,0,0,0,0,10,0,2,0,,,0,0,0,0
1430926606.96216,pg_catalog,pg_authid,126,126,1640,1640,0,0,0,0,1,0,20,1753,66,3218,,,,
1430926606.96216,pg_catalog,pg_index,143,3685,3280,3841,27,0,17,0,123,17,13,3602,12,3558,,,,
1430926606.96216,pg_catalog,pg_ts_dict,3,48,0,0,0,0,0,0,16,0,2,2,0,0,,,,
1430926606.96216,pg_catalog,pg_class,262,16096,10472,9586,122,324,101,68,316,0,33,12409,34,16716,,,,
1430926606.96216,pg_toast,pg_toast_2396,0,0,0,0,0,0,0,0,0,0,0,0,0,0,,,,
1430926606.96216,pg_catalog,pg_enum,4,0,0,0,0,0,0,0,0,0,0,0,0,0,,,,
1430926606.96216,public,orders,6,360000,785047,1319685,481264,373710,0,305827,476828,55219,5199,2350186,5888,5317192,,,,
1430926606.96216,pg_catalog,pg_db_role_setting,20,0,3752,0,0,0,0,0,0,0,0,0,16,3736,0,0,0,0
1430926606.96216,pg_toast,pg_toast_12649,0,0,0,0,0,0,0,0,0,0,0,0,0,0,,,,
1430926606.96216,information_schema,sql_parts,1,9,,,0,0,0,0,9,0,2,0,,,0,0,0,0
1430926606.96216,pg_catalog,pg_seclabel,2,0,252,0,0,0,0,0,0,0,0,0,2,250,0,0,0,0
1430926606.96216,public,customer,6,360000,1904968,4747075,60000,777526,0,725583,60006,1927,34172,6152257,1304,6087958,,,,
1430926606.96216,information_schema,sql_implementation_info,1,12,,,0,0,0,0,12,0,2,0,,,0,0,0,0
1430926606.96216,pg_toast,pg_toast_2609,0,0,0,0,0,0,0,0,0,0,0,0,0,0,,,,
1430926606.96216,pg_toast,pg_toast_1255,0,0,0,0,0,0,0,0,0,0,0,0,0,0,,,,
1430926606.96216,pg_toast,pg_toast_12644,0,0,0,0,0,0,0,0,0,0,0,0,0,0,,,,
1430926606.96216,pg_catalog,pg_rewrite,3,327,37,37,0,0,0,0,109,0,27,54,2,62,51,68,8,202
1430926606.96216,pg_catalog,pg_ts_config,3,48,0,0,0,0,0,0,16,0,2,2,0,0,,,,
1430926606.96216,pg_catalog,pg_extension,3,3,0,0,0,0,0,0,1,0,2,2,0,0,,,,
1430926606.96216,pg_catalog,pg_amop,4,1744,853,1084,0,0,0,0,436,0,12,1092,23,1835,,,,
1430926606.96216,pg_catalog,pg_cast,3,594,5025,1061,0,0,0,0,198,0,6,1063,6,5096,,,,
1430926606.96216,pg_toast,pg_toast_2619,0,0,1891,5447,243,0,182,0,69,114,62,3221,4,2184,,,,
1430926606.96216,pg_toast,pg_toast_12629,0,0,0,0,0,0,0,0,0,0,0,0,0,0,,,,
1430926606.96216,pg_toast,pg_toast_2604,0,0,0,0,0,0,0,0,0,0,0,0,0,0,,,,
1430926606.96216,information_schema,sql_features,1,672,,,0,0,0,0,672,0,14,0,,,0,0,0,0
1430926606.96216,public,history,1,60000,,,463816,0,0,0,463575,0,7844,420711,,,,,,
1430926666.96112,pg_catalog,pg_auth_members,21,0,0,0,0,0,0,0,0,0,0,0,0,0,,,,
1430926666.96112,pg_catalog,pg_operator,3,2295,958,5428,0,0,0,0,765,0,42,3835,20,2074,,,,
1430926666.96112,pg_catalog,pg_aggregate,2,266,48,48,0,0,0,0,133,0,5,49,2,74,,,,
1430926666.96112,pg_catalog,pg_pltemplate,14,112,0,0,0,0,0,0,8,0,14,7,0,0,,,,
1430926666.96112,public,stock,4,800000,11634567,10362012,200000,5150432,0,0,197981,430297,63901,20938378,2076,50752797,,,,
1430926666.96112,pg_catalog,pg_description,2,7372,252,0,0,0,0,0,3686,0,64,32,6,501,0,0,0,0
1430926666.96112,pg_catalog,pg_language,4,16,10,10,0,0,0,0,4,0,2,13,4,18,,,,
1430926666.96112,information_schema,sql_sizing_profiles,1,0,,,0,0,0,0,0,0,0,0,,,0,0,0,0
1430926666.96112,pg_catalog,pg_ts_parser,3,3,0,0,0,0,0,0,1,0,2,2,0,0,,,,
1430926666.96112,public,new_order,4,72000,875200,767445,509018,0,319250,0,184829,45349,1583,11747968,2340,10036526,,,,
1430926666.96112,pg_catalog,pg_event_trigger,3,0,27,0,0,0,0,0,0,0,0,0,2,25,,,,
1430926666.96112,pg_catalog,pg_shseclabel,14,0,6,0,0,0,0,0,0,0,0,0,6,0,,,,
1430926666.96112,public,item,4,400000,5155401,5150452,100000,0,0,0,100000,0,3845,5156973,276,10334869,,,,
1430926666.96112,pg_catalog,pg_foreign_table,2,0,0,0,0,0,0,0,0,0,0,0,0,0,,,,
1430926666.96112,pg_toast,pg_toast_12659,0,0,0,0,0,0,0,0,0,0,0,0,0,0,,,,
1430926666.96112,pg_catalog,pg_attrdef,3,0,0,0,0,0,0,0,0,0,0,0,0,0,0,0,0,0
1430926666.96112,pg_catalog,pg_ts_template,3,15,0,0,0,0,0,0,5,0,2,2,0,0,,,,
1430926666.96112,pg_catalog,pg_foreign_server,3,0,0,0,0,0,0,0,0,0,0,0,0,0,,,,
1430926666.96112,pg_catalog,pg_default_acl,3,0,59,0,0,0,0,0,0,0,0,0,2,57,,,,
1430926666.96112,pg_toast,pg_toast_12634,0,0,0,0,0,0,0,0,0,0,0,0,0,0,,,,
1430926666.96112,public,warehouse,132108,199810,1332083,1332083,2,470483,0,460944,1,2350,406,21319563,2,1341748,,,,
1430926666.96112,pg_catalog,pg_attribute,180,8808,9188,38591,1401,20,1219,1,2491,0,194,16718,57,24292,,,,
1430926666.96112,pg_catalog,pg_statistic,2,798,9914,9699,92,852,0,411,491,153,105,11891,13,21026,62,4437,4,2837
1430926666.96112,information_schema,sql_sizing,1,23,,,0,0,0,0,23,0,2,0,,,0,0,0,0
1430926666.96112,pg_toast,pg_toast_2618,0,0,92,289,0,0,0,0,0,0,51,75,4,109,,,,
1430926666.96112,pg_toast,pg_toast_3596,0,0,0,0,0,0,0,0,0,0,0,0,0,0,,,,
1430926666.96112,pg_catalog,pg_depend,3,20120,2731,2507,348,0,256,0,6672,256,103,3172,39,6884,,,,
1430926666.96112,information_schema,sql_languages,1,4,,,0,0,0,0,4,0,2,0,,,0,0,0,0
1430926666.96112,pg_catalog,pg_opclass,35,416,870,11148,0,0,0,0,128,0,9,4097,12,1051,,,,
1430926666.96112,pg_catalog,pg_proc,3,8073,1497,2003,6,0,0,0,2691,0,168,1852,33,3179,0,0,0,0
1430926666.96112,public,district,203795,3674380,1843393,1843393,20,961501,0,954217,9,965,759,20120322,7,3726032,,,,
1430926666.96112,pg_catalog,pg_trigger,4,0,0,0,0,0,0,0,0,0,0,0,0,0,0,0,0,0
1430926666.96112,pg_catalog,pg_am,147,159,0,0,0,0,0,0,5,0,3,145,0,0,,,,
1430926666.96112,pg_catalog,pg_largeobject_metadata,2,0,0,0,0,0,0,0,0,0,0,0,0,0,,,,
1430926666.96112,pg_catalog,pg_ts_config_map,2,608,0,0,0,0,0,0,304,0,4,2,0,0,,,,
1430926666.96112,pg_catalog,pg_type,3,1093,2689,2330,173,0,151,0,361,0,36,2742,25,6045,,,,
1430926666.96112,pg_catalog,pg_shdepend,21,21,2378,595,0,0,0,0,1,0,14,609,56,2475,,,,
1430926666.96112,pg_catalog,pg_conversion,4,528,0,0,0,0,0,0,132,0,6,9,0,0,,,,
1430926666.96112,pg_catalog,pg_foreign_data_wrapper,3,0,0,0,0,0,0,0,0,0,0,0,0,0,,,,
1430926666.96112,pg_catalog,pg_opfamily,3,258,0,0,0,0,0,0,86,0,4,4,0,0,,,,
1430926666.96112,pg_catalog,pg_shdescription,14,42,6,0,0,0,0,0,3,0,14,7,12,0,0,0,0,0
1430926666.96112,pg_catalog,pg_tablespace,41,82,537,537,0,0,0,0,2,0,20,565,32,1054,,,,
1430926666.96112,pg_catalog,pg_inherits,3,0,84,0,0,0,0,0,0,0,0,0,2,82,,,,
1430926666.96112,public,order_line,4,2274320,962592,10924858,5719012,4572198,0,2793921,5387132,990686,113595,20633688,42967,23901826,,,,
1430926666.96112,pg_toast,pg_toast_2606,0,0,0,0,0,0,0,0,0,0,0,0,0,0,,,,
1430926666.96112,pg_toast,pg_toast_2964,0,0,0,0,0,0,0,0,0,0,0,0,0,0,,,,
1430926666.96112,pg_catalog,pg_database,256,904,3478,3464,7,0,6,0,4,0,7,3746,72,5310,,,,
1430926666.96112,pg_toast,pg_toast_2620,0,0,0,0,0,0,0,0,0,0,0,0,0,0,,,,
1430926666.96112,pg_catalog,pg_amproc,35,1096,643,940,0,0,0,0,344,0,9,713,9,1410,,,,
1430926666.96112,pg_catalog,pg_collation,3,2766,0,0,0,0,0,0,922,0,56,56,0,0,,,,
1430926666.96112,pg_catalog,pg_constraint,5,50,8,0,8,0,0,0,10,0,6,33,8,64,0,0,0,0
1430926666.96112,pg_catalog,pg_range,2,12,2,0,0,0,0,0,6,0,2,1,2,2,,,,
1430926666.96112,pg_toast,pg_toast_12639,0,0,0,0,0,0,0,0,0,0,0,0,0,0,,,,
1430926666.96112,pg_toast,pg_toast_12654,0,0,0,0,0,0,0,0,0,0,0,0,0,0,,,,
1430926666.96112,pg_catalog,pg_user_mapping,3,0,0,0,0,0,0,0,0,0,0,0,0,0,,,,
1430926666.96112,pg_catalog,pg_largeobject,2,0,0,0,0,0,0,0,0,0,0,0,0,0,,,,
1430926666.96112,pg_catalog,pg_namespace,17,102,1074,952,0,0,0,0,6,0,3,967,12,1217,,,,
1430926666.96112,information_schema,sql_packages,1,10,,,0,0,0,0,10,0,2,0,,,0,0,0,0
1430926666.96112,pg_catalog,pg_authid,127,127,1652,1652,0,0,0,0,1,0,20,1766,66,3242,,,,
1430926666.96112,pg_catalog,pg_index,148,4300,3663,4321,27,0,17,0,123,17,13,3999,12,3954,,,,
1430926666.96112,pg_catalog,pg_ts_dict,3,48,0,0,0,0,0,0,16,0,2,2,0,0,,,,
1430926666.96112,pg_catalog,pg_class,276,19922,11992,10983,122,324,101,68,316,0,33,13957,34,18559,,,,
1430926666.96112,pg_toast,pg_toast_2396,0,0,0,0,0,0,0,0,0,0,0,0,0,0,,,,
1430926666.96112,pg_catalog,pg_enum,4,0,0,0,0,0,0,0,0,0,0,0,0,0,,,,
1430926666.96112,public,orders,6,360000,918934,1636290,551018,437600,0,352094,545937,74687,5916,2862821,6822,6249088,,,,
1430926666.96112,pg_catalog,pg_db_role_setting,20,0,3784,0,0,0,0,0,0,0,0,0,16,3768,0,0,0,0
1430926666.96112,pg_toast,pg_toast_12649,0,0,0,0,0,0,0,0,0,0,0,0,0,0,,,,
1430926666.96112,information_schema,sql_parts,1,9,,,0,0,0,0,9,0,2,0,,,0,0,0,0
1430926666.96112,pg_catalog,pg_seclabel,2,0,252,0,0,0,0,0,0,0,0,0,2,250,0,0,0,0
1430926666.96112,public,customer,6,360000,2221623,5485930,60000,908083,0,837037,59969,11223,34881,7284250,1350,7165951,,,,
1430926666.96112,information_schema,sql_implementation_info,1,12,,,0,0,0,0,12,0,2,0,,,0,0,0,0
1430926666.96112,pg_toast,pg_toast_2609,0,0,0,0,0,0,0,0,0,0,0,0,0,0,,,,
1430926666.96112,pg_toast,pg_toast_1255,0,0,0,0,0,0,0,0,0,0,0,0,0,0,,,,
1430926666.96112,pg_toast,pg_toast_12644,0,0,0,0,0,0,0,0,0,0,0,0,0,0,,,,
1430926666.96112,pg_catalog,pg_rewrite,3,327,44,44,0,0,0,0,109,0,27,61,2,74,51,75,8,218
1430926666.96112,pg_catalog,pg_ts_config,3,48,0,0,0,0,0,0,16,0,2,2,0,0,,,,
1430926666.96112,pg_catalog,pg_extension,3,3,0,0,0,0,0,0,1,0,2,2,0,0,,,,
1430926666.96112,pg_catalog,pg_amop,4,1744,934,1175,0,0,0,0,436,0,12,1183,23,2009,,,,
1430926666.96112,pg_catalog,pg_cast,3,594,5322,1129,0,0,0,0,198,0,6,1131,6,5400,,,,
1430926666.96112,pg_toast,pg_toast_2619,0,0,2433,7323,351,0,290,0,71,108,62,4437,4,2837,,,,
1430926666.96112,pg_toast,pg_toast_12629,0,0,0,0,0,0,0,0,0,0,0,0,0,0,,,,
1430926666.96112,pg_toast,pg_toast_2604,0,0,0,0,0,0,0,0,0,0,0,0,0,0,,,,
1430926666.96112,information_schema,sql_features,1,672,,,0,0,0,0,672,0,14,0,,,0,0,0,0
1430926666.96112,public,history,1,60000,,,530483,0,0,0,530032,0,9251,493568,,,,,,
1430926726.96667,pg_catalog,pg_auth_members,21,0,0,0,0,0,0,0,0,0,0,0,0,0,,,,
1430926726.96667,pg_catalog,pg_operator,3,2295,975,5445,0,0,0,0,765,0,42,3852,20,2116,,,,
1430926726.96667,pg_catalog,pg_aggregate,2,266,49,49,0,0,0,0,133,0,5,50,2,76,,,,
1430926726.96667,pg_catalog,pg_pltemplate,14,112,0,0,0,0,0,0,8,0,14,7,0,0,,,,
1430926726.96667,public,stock,4,800000,13477353,11994349,200000,5961555,0,0,199671,154574,63901,23510088,2076,58815003,,,,
1430926726.96667,pg_catalog,pg_description,2,7372,252,0,0,0,0,0,3686,0,64,32,6,501,0,0,0,0
1430926726.96667,pg_catalog,pg_language,4,16,10,10,0,0,0,0,4,0,2,13,4,18,,,,
1430926726.96667,information_schema,sql_sizing_profiles,1,0,,,0,0,0,0,0,0,0,0,,,0,0,0,0
1430926726.96667,pg_catalog,pg_ts_parser,3,3,0,0,0,0,0,0,1,0,2,2,0,0,,,,
1430926726.96667,public,new_order,4,72000,1012480,886549,586362,0,367880,0,212780,94742,1827,12425723,2805,12448578,,,,
1430926726.96667,pg_catalog,pg_event_trigger,3,0,27,0,0,0,0,0,0,0,0,0,2,25,,,,
1430926726.96667,pg_catalog,pg_shseclabel,14,0,6,0,0,0,0,0,0,0,0,0,6,0,,,,
1430926726.96667,public,item,4,400000,5967287,5961577,100000,0,0,0,100000,0,3845,5968098,276,11962463,,,,
1430926726.96667,pg_catalog,pg_foreign_table,2,0,0,0,0,0,0,0,0,0,0,0,0,0,,,,
1430926726.96667,pg_toast,pg_toast_12659,0,0,0,0,0,0,0,0,0,0,0,0,0,0,,,,
1430926726.96667,pg_catalog,pg_attrdef,3,0,0,0,0,0,0,0,0,0,0,0,0,0,0,0,0,0
1430926726.96667,pg_catalog,pg_ts_template,3,15,0,0,0,0,0,0,5,0,2,2,0,0,,,,
1430926726.96667,pg_catalog,pg_foreign_server,3,0,0,0,0,0,0,0,0,0,0,0,0,0,,,,
1430926726.96667,pg_catalog,pg_default_acl,3,0,59,0,0,0,0,0,0,0,0,0,2,57,,,,
1430926726.96667,pg_toast,pg_toast_12634,0,0,0,0,0,0,0,0,0,0,0,0,0,0,,,,
1430926726.96667,public,warehouse,132108,199810,1558443,1558443,2,544991,0,533931,1,4142,422,22855965,2,1569649,,,,
1430926726.96667,pg_catalog,pg_attribute,180,8808,9616,41067,1401,20,1219,1,2491,0,194,17368,57,25151,,,,
1430926726.96667,pg_catalog,pg_statistic,2,798,10499,10278,92,852,0,411,491,148,105,12470,13,22201,62,4697,4,3057
1430926726.96667,information_schema,sql_sizing,1,23,,,0,0,0,0,23,0,2,0,,,0,0,0,0
1430926726.96667,pg_toast,pg_toast_2618,0,0,97,305,0,0,0,0,0,0,51,82,4,117,,,,
1430926726.96667,pg_toast,pg_toast_3596,0,0,0,0,0,0,0,0,0,0,0,0,0,0,,,,
1430926726.96667,pg_catalog,pg_depend,3,20120,2731,2507,348,0,256,0,6672,256,103,3172,39,6884,,,,
1430926726.96667,information_schema,sql_languages,1,4,,,0,0,0,0,4,0,2,0,,,0,0,0,0
1430926726.96667,pg_catalog,pg_opclass,35,416,882,11327,0,0,0,0,128,0,9,4161,12,1067,,,,
1430926726.96667,pg_catalog,pg_proc,3,8073,1575,2116,6,0,0,0,2691,0,168,1945,33,3345,0,0,0,0
1430926726.96667,public,district,203795,3674380,2163979,2163979,20,1113353,0,1105558,20,3449,759,21811516,7,4430099,,,,
1430926726.96667,pg_catalog,pg_trigger,4,0,0,0,0,0,0,0,0,0,0,0,0,0,0,0,0,0
1430926726.96667,pg_catalog,pg_am,148,160,0,0,0,0,0,0,5,0,3,146,0,0,,,,
1430926726.96667,pg_catalog,pg_largeobject_metadata,2,0,0,0,0,0,0,0,0,0,0,0,0,0,,,,
1430926726.96667,pg_catalog,pg_ts_config_map,2,608,0,0,0,0,0,0,304,0,4,2,0,0,,,,
1430926726.96667,pg_catalog,pg_type,3,1093,2781,2422,173,0,151,0,361,0,36,2834,25,6234,,,,
1430926726.96667,pg_catalog,pg_shdepend,21,21,2378,595,0,0,0,0,1,0,14,609,56,2475,,,,
1430926726.96667,pg_catalog,pg_conversion,4,528,0,0,0,0,0,0,132,0,6,9,0,0,,,,
1430926726.96667,pg_catalog,pg_foreign_data_wrapper,3,0,0,0,0,0,0,0,0,0,0,0,0,0,,,,
1430926726.96667,pg_catalog,pg_opfamily,3,258,0,0,0,0,0,0,86,0,4,4,0,0,,,,
1430926726.96667,pg_catalog,pg_shdescription,14,42,6,0,0,0,0,0,3,0,14,7,12,0,0,0,0,0
1430926726.96667,pg_catalog,pg_tablespace,41,82,542,542,0,0,0,0,2,0,20,570,32,1064,,,,
1430926726.96667,pg_catalog,pg_inherits,3,0,84,0,0,0,0,0,0,0,0,0,2,82,,,,
1430926726.96667,public,order_line,4,2274320,1113582,12662728,6530135,5294886,0,3269622,6191039,1365646,124958,23687911,48924,28431343,,,,
1430926726.96667,pg_toast,pg_toast_2606,0,0,0,0,0,0,0,0,0,0,0,0,0,0,,,,
1430926726.96667,pg_toast,pg_toast_2964,0,0,0,0,0,0,0,0,0,0,0,0,0,0,,,,
1430926726.96667,pg_catalog,pg_database,258,912,3521,3507,7,0,6,0,4,0,7,3791,72,5365,,,,
1430926726.96667,pg_toast,pg_toast_2620,0,0,0,0,0,0,0,0,0,0,0,0,0,0,,,,
1430926726.96667,pg_catalog,pg_amproc,35,1096,654,955,0,0,0,0,344,0,9,724,9,1433,,,,
1430926726.96667,pg_catalog,pg_collation,3,2766,0,0,0,0,0,0,922,0,56,56,0,0,,,,
1430926726.96667,pg_catalog,pg_constraint,5,50,8,0,8,0,0,0,10,0,6,33,8,64,0,0,0,0
1430926726.96667,pg_catalog,pg_range,2,12,2,0,0,0,0,0,6,0,2,1,2,2,,,,
1430926726.96667,pg_toast,pg_toast_12639,0,0,0,0,0,0,0,0,0,0,0,0,0,0,,,,
1430926726.96667,pg_toast,pg_toast_12654,0,0,0,0,0,0,0,0,0,0,0,0,0,0,,,,
1430926726.96667,pg_catalog,pg_user_mapping,3,0,0,0,0,0,0,0,0,0,0,0,0,0,,,,
1430926726.96667,pg_catalog,pg_largeobject,2,0,0,0,0,0,0,0,0,0,0,0,0,0,,,,
1430926726.96667,pg_catalog,pg_namespace,19,114,1212,1085,0,0,0,0,6,0,3,1102,12,1362,,,,
1430926726.96667,information_schema,sql_packages,1,10,,,0,0,0,0,10,0,2,0,,,0,0,0,0
1430926726.96667,pg_catalog,pg_authid,128,128,1662,1662,0,0,0,0,1,0,20,1777,66,3262,,,,
1430926726.96667,pg_catalog,pg_index,153,4915,3836,4527,27,0,17,0,123,17,13,4187,12,4133,,,,
1430926726.96667,pg_catalog,pg_ts_dict,3,48,0,0,0,0,0,0,16,0,2,2,0,0,,,,
1430926726.96667,pg_catalog,pg_class,282,21818,12806,11674,122,324,101,68,316,0,33,14697,34,19531,,,,
1430926726.96667,pg_toast,pg_toast_2396,0,0,0,0,0,0,0,0,0,0,0,0,0,0,,,,
1430926726.96667,pg_catalog,pg_enum,4,0,0,0,0,0,0,0,0,0,0,0,0,0,,,,
1430926726.96667,public,orders,6,360000,1063130,2031215,628362,506240,0,411635,622518,86108,6579,3435467,7762,7206547,,,,
1430926726.96667,pg_catalog,pg_db_role_setting,20,0,3808,0,0,0,0,0,0,0,0,0,16,3792,0,0,0,0
1430926726.96667,pg_toast,pg_toast_12649,0,0,0,0,0,0,0,0,0,0,0,0,0,0,,,,
1430926726.96667,information_schema,sql_parts,1,9,,,0,0,0,0,9,0,2,0,,,0,0,0,0
1430926726.96667,pg_catalog,pg_seclabel,2,0,252,0,0,0,0,0,0,0,0,0,2,250,0,0,0,0
1430926726.96667,public,customer,6,360000,2572364,6355631,60000,1051231,0,978279,59988,5059,34881,8356646,1350,8241388,,,,
1430926726.96667,information_schema,sql_implementation_info,1,12,,,0,0,0,0,12,0,2,0,,,0,0,0,0
1430926726.96667,pg_toast,pg_toast_2609,0,0,0,0,0,0,0,0,0,0,0,0,0,0,,,,
1430926726.96667,pg_toast,pg_toast_1255,0,0,0,0,0,0,0,0,0,0,0,0,0,0,,,,
1430926726.96667,pg_toast,pg_toast_12644,0,0,0,0,0,0,0,0,0,0,0,0,0,0,,,,
1430926726.96667,pg_catalog,pg_rewrite,3,327,51,51,0,0,0,0,109,0,27,68,2,86,51,82,8,234
1430926726.96667,pg_catalog,pg_ts_config,3,48,0,0,0,0,0,0,16,0,2,2,0,0,,,,
1430926726.96667,pg_catalog,pg_extension,3,3,0,0,0,0,0,0,1,0,2,2,0,0,,,,
1430926726.96667,pg_catalog,pg_amop,4,1744,967,1216,0,0,0,0,436,0,12,1224,23,2083,,,,
1430926726.96667,pg_catalog,pg_cast,3,594,5391,1157,0,0,0,0,198,0,6,1159,6,5474,,,,
1430926726.96667,pg_toast,pg_toast_2619,0,0,2653,7783,351,0,290,0,71,108,62,4697,4,3057,,,,
1430926726.96667,pg_toast,pg_toast_12629,0,0,0,0,0,0,0,0,0,0,0,0,0,0,,,,
1430926726.96667,pg_toast,pg_toast_2604,0,0,0,0,0,0,0,0,0,0,0,0,0,0,,,,
1430926726.96667,information_schema,sql_features,1,672,,,0,0,0,0,672,0,14,0,,,0,0,0,0
1430926726.96667,public,history,1,60000,,,604991,0,0,0,604540,0,10096,569766,,,,,,
1430926786.97292,pg_catalog,pg_auth_members,21,0,0,0,0,0,0,0,0,0,0,0,0,0,,,,
1430926786.97292,pg_catalog,pg_operator,3,2295,992,5462,0,0,0,0,765,0,42,3869,20,2158,,,,
1430926786.97292,pg_catalog,pg_aggregate,2,266,50,50,0,0,0,0,133,0,5,51,2,78,,,,
1430926786.97292,pg_catalog,pg_pltemplate,14,112,0,0,0,0,0,0,8,0,14,7,0,0,,,,
1430926786.97292,public,stock,4,800000,15338940,13648986,200000,6784026,0,0,199671,977045,63901,26073688,2076,66968993,,,,
1430926786.97292,pg_catalog,pg_description,2,7372,252,0,0,0,0,0,3686,0,64,32,6,501,0,0,0,0
1430926786.97292,pg_catalog,pg_language,4,16,10,10,0,0,0,0,4,0,2,13,4,18,,,,
1430926786.97292,information_schema,sql_sizing_profiles,1,0,,,0,0,0,0,0,0,0,0,,,0,0,0,0
1430926786.97292,pg_catalog,pg_ts_parser,3,3,0,0,0,0,0,0,1,0,2,2,0,0,,,,
1430926786.97292,public,new_order,4,72000,1150640,1007443,664753,0,418180,0,240005,49584,1847,13050657,2851,13913578,,,,
1430926786.97292,pg_catalog,pg_event_trigger,3,0,27,0,0,0,0,0,0,0,0,0,2,25,,,,
1430926786.97292,pg_catalog,pg_shseclabel,14,0,6,0,0,0,0,0,0,0,0,0,6,0,,,,
1430926786.97292,public,item,4,400000,6790560,6784052,100000,0,0,0,100000,0,3845,6790573,276,13612928,,,,
1430926786.97292,pg_catalog,pg_foreign_table,2,0,0,0,0,0,0,0,0,0,0,0,0,0,,,,
1430926786.97292,pg_toast,pg_toast_12659,0,0,0,0,0,0,0,0,0,0,0,0,0,0,,,,
1430926786.97292,pg_catalog,pg_attrdef,3,0,0,0,0,0,0,0,0,0,0,0,0,0,0,0,0,0
1430926786.97292,pg_catalog,pg_ts_template,3,15,0,0,0,0,0,0,5,0,2,2,0,0,,,,
1430926786.97292,pg_catalog,pg_foreign_server,3,0,0,0,0,0,0,0,0,0,0,0,0,0,,,,
1430926786.97292,pg_catalog,pg_default_acl,3,0,59,0,0,0,0,0,0,0,0,0,2,57,,,,
1430926786.97292,pg_toast,pg_toast_12634,0,0,0,0,0,0,0,0,0,0,0,0,0,0,,,,
1430926786.97292,public,warehouse,132108,199810,1787410,1787410,2,620279,0,607661,1,5914,422,24314444,2,1800174,,,,
1430926786.97292,pg_catalog,pg_attribute,180,8808,9922,42168,1401,20,1219,1,2491,0,194,17716,57,25775,,,,
1430926786.97292,pg_catalog,pg_statistic,2,798,11004,10777,92,852,0,411,491,142,105,12969,13,23216,62,4897,4,3157
1430926786.97292,information_schema,sql_sizing,1,23,,,0,0,0,0,23,0,2,0,,,0,0,0,0
1430926786.97292,pg_toast,pg_toast_2618,0,0,102,321,0,0,0,0,0,0,51,89,4,125,,,,
1430926786.97292,pg_toast,pg_toast_3596,0,0,0,0,0,0,0,0,0,0,0,0,0,0,,,,
1430926786.97292,pg_catalog,pg_depend,3,20120,2731,2507,348,0,256,0,6672,256,103,3172,39,6884,,,,
1430926786.97292,information_schema,sql_languages,1,4,,,0,0,0,0,4,0,2,0,,,0,0,0,0
1430926786.97292,pg_catalog,pg_opclass,35,416,903,11515,0,0,0,0,128,0,9,4234,12,1101,,,,
1430926786.97292,pg_catalog,pg_proc,3,8073,1653,2229,6,0,0,0,2691,0,168,2038,33,3511,0,0,0,0
1430926786.97292,public,district,203795,3674380,2487943,2487943,20,1267032,0,1258789,20,1050,759,23379131,7,5142150,,,,
1430926786.97292,pg_catalog,pg_trigger,4,0,0,0,0,0,0,0,0,0,0,0,0,0,0,0,0,0
1430926786.97292,pg_catalog,pg_am,158,170,0,0,0,0,0,0,5,0,3,156,0,0,,,,
1430926786.97292,pg_catalog,pg_largeobject_metadata,2,0,0,0,0,0,0,0,0,0,0,0,0,0,,,,
1430926786.97292,pg_catalog,pg_ts_config_map,2,608,0,0,0,0,0,0,304,0,4,2,0,0,,,,
1430926786.97292,pg_catalog,pg_type,3,1093,2873,2514,173,0,151,0,361,0,36,2926,25,6423,,,,
1430926786.97292,pg_catalog,pg_shdepend,21,21,2378,595,0,0,0,0,1,0,14,609,56,2475,,,,
1430926786.97292,pg_catalog,pg_conversion,4,528,0,0,0,0,0,0,132,0,6,9,0,0,,,,
1430926786.97292,pg_catalog,pg_foreign_data_wrapper,3,0,0,0,0,0,0,0,0,0,0,0,0,0,,,,
1430926786.97292,pg_catalog,pg_opfamily,3,258,0,0,0,0,0,0,86,0,4,4,0,0,,,,
1430926786.97292,pg_catalog,pg_shdescription,14,42,6,0,0,0,0,0,3,0,14,7,12,0,0,0,0,0
1430926786.97292,pg_catalog,pg_tablespace,41,82,547,547,0,0,0,0,2,0,20,575,32,1074,,,,
1430926786.97292,pg_catalog,pg_inherits,3,0,84,0,0,0,0,0,0,0,0,0,2,82,,,,
1430926786.97292,public,order_line,4,2274320,1265744,14402332,7352606,6019512,0,3803598,7005915,1664163,135746,26417385,54884,33118584,,,,
1430926786.97292,pg_toast,pg_toast_2606,0,0,0,0,0,0,0,0,0,0,0,0,0,0,,,,
1430926786.97292,pg_toast,pg_toast_2964,0,0,0,0,0,0,0,0,0,0,0,0,0,0,,,,
1430926786.97292,pg_catalog,pg_database,260,920,3564,3550,7,0,6,0,4,0,7,3836,72,5420,,,,
1430926786.97292,pg_toast,pg_toast_2620,0,0,0,0,0,0,0,0,0,0,0,0,0,0,,,,
1430926786.97292,pg_catalog,pg_amproc,35,1096,674,988,0,0,0,0,344,0,9,744,9,1483,,,,
1430926786.97292,pg_catalog,pg_collation,3,2766,0,0,0,0,0,0,922,0,56,56,0,0,,,,
1430926786.97292,pg_catalog,pg_constraint,5,50,8,0,8,0,0,0,10,0,6,33,8,64,0,0,0,0
1430926786.97292,pg_catalog,pg_range,2,12,2,0,0,0,0,0,6,0,2,1,2,2,,,,
1430926786.97292,pg_toast,pg_toast_12639,0,0,0,0,0,0,0,0,0,0,0,0,0,0,,,,
1430926786.97292,pg_toast,pg_toast_12654,0,0,0,0,0,0,0,0,0,0,0,0,0,0,,,,
1430926786.97292,pg_catalog,pg_user_mapping,3,0,0,0,0,0,0,0,0,0,0,0,0,0,,,,
1430926786.97292,pg_catalog,pg_largeobject,2,0,0,0,0,0,0,0,0,0,0,0,0,0,,,,
1430926786.97292,pg_catalog,pg_namespace,21,126,1350,1218,0,0,0,0,6,0,3,1237,12,1507,,,,
1430926786.97292,information_schema,sql_packages,1,10,,,0,0,0,0,10,0,2,0,,,0,0,0,0
1430926786.97292,pg_catalog,pg_authid,129,129,1672,1672,0,0,0,0,1,0,20,1788,66,3282,,,,
1430926786.97292,pg_catalog,pg_index,158,5530,3938,4662,27,0,17,0,123,17,13,4304,12,4250,,,,
1430926786.97292,pg_catalog,pg_ts_dict,3,48,0,0,0,0,0,0,16,0,2,2,0,0,,,,
1430926786.97292,pg_catalog,pg_class,288,23714,13378,12123,122,324,101,68,316,0,33,15195,34,20210,,,,
1430926786.97292,pg_toast,pg_toast_2396,0,0,0,0,0,0,0,0,0,0,0,0,0,0,,,,
1430926786.97292,pg_catalog,pg_enum,4,0,0,0,0,0,0,0,0,0,0,0,0,0,,,,
1430926786.97292,public,orders,6,360000,1208373,2479161,706753,575320,0,472201,700107,94635,7246,4060361,8666,8170644,,,,
1430926786.97292,pg_catalog,pg_db_role_setting,20,0,3832,0,0,0,0,0,0,0,0,0,16,3816,0,0,0,0
1430926786.97292,pg_toast,pg_toast_12649,0,0,0,0,0,0,0,0,0,0,0,0,0,0,,,,
1430926786.97292,information_schema,sql_parts,1,9,,,0,0,0,0,9,0,2,0,,,0,0,0,0
1430926786.97292,pg_catalog,pg_seclabel,2,0,252,0,0,0,0,0,0,0,0,0,2,250,0,0,0,0
1430926786.97292,public,customer,6,360000,2926956,7212487,60000,1195599,0,1120650,59988,13595,34881,9420412,1350,9328970,,,,
1430926786.97292,information_schema,sql_implementation_info,1,12,,,0,0,0,0,12,0,2,0,,,0,0,0,0
1430926786.97292,pg_toast,pg_toast_2609,0,0,0,0,0,0,0,0,0,0,0,0,0,0,,,,
1430926786.97292,pg_toast,pg_toast_1255,0,0,0,0,0,0,0,0,0,0,0,0,0,0,,,,
1430926786.97292,pg_toast,pg_toast_12644,0,0,0,0,0,0,0,0,0,0,0,0,0,0,,,,
1430926786.97292,pg_catalog,pg_rewrite,3,327,58,58,0,0,0,0,109,0,27,75,2,98,51,89,8,250
1430926786.97292,pg_catalog,pg_ts_config,3,48,0,0,0,0,0,0,16,0,2,2,0,0,,,,
1430926786.97292,pg_catalog,pg_extension,3,3,0,0,0,0,0,0,1,0,2,2,0,0,,,,
1430926786.97292,pg_catalog,pg_amop,4,1744,1000,1257,0,0,0,0,436,0,12,1265,23,2157,,,,
1430926786.97292,pg_catalog,pg_cast,3,594,5460,1185,0,0,0,0,198,0,6,1187,6,5548,,,,
1430926786.97292,pg_toast,pg_toast_2619,0,0,2753,8363,351,0,290,0,71,108,62,4897,4,3157,,,,
1430926786.97292,pg_toast,pg_toast_12629,0,0,0,0,0,0,0,0,0,0,0,0,0,0,,,,
1430926786.97292,pg_toast,pg_toast_2604,0,0,0,0,0,0,0,0,0,0,0,0,0,0,,,,
1430926786.97292,information_schema,sql_features,1,672,,,0,0,0,0,672,0,14,0,,,0,0,0,0
1430926786.97292,public,history,1,60000,,,680279,0,0,0,679610,0,10963,646808,,,,,,
1430926846.9725,pg_catalog,pg_auth_members,21,0,0,0,0,0,0,0,0,0,0,0,0,0,,,,
1430926846.9725,pg_catalog,pg_operator,3,2295,1009,5479,0,0,0,0,765,0,42,3886,20,2200,,,,
1430926846.9725,pg_catalog,pg_aggregate,2,266,51,51,0,0,0,0,133,0,5,52,2,80,,,,
1430926846.9725,pg_catalog,pg_pltemplate,14,112,0,0,0,0,0,0,8,0,14,7,0,0,,,,
1430926846.9725,public,stock,4,800000,17125479,15229069,200000,7569027,0,0,196634,427089,63901,29009963,2076,74781067,,,,
1430926846.9725,pg_catalog,pg_description,2,7372,252,0,0,0,0,0,3686,0,64,32,6,501,0,0,0,0
1430926846.9725,pg_catalog,pg_language,4,16,10,10,0,0,0,0,4,0,2,13,4,18,,,,
1430926846.9725,information_schema,sql_sizing_profiles,1,0,,,0,0,0,0,0,0,0,0,,,0,0,0,0
1430926846.9725,pg_catalog,pg_ts_parser,3,3,0,0,0,0,0,0,1,0,2,2,0,0,,,,
1430926846.9725,public,new_order,4,72000,1282280,1121944,739530,0,465180,0,266900,15410,2099,14555818,3167,15854485,,,,
1430926846.9725,pg_catalog,pg_event_trigger,3,0,27,0,0,0,0,0,0,0,0,0,2,25,,,,
1430926846.9725,pg_catalog,pg_shseclabel,14,0,6,0,0,0,0,0,0,0,0,0,6,0,,,,
1430926846.9725,public,item,4,400000,7576322,7569059,100000,0,0,0,100000,0,3845,7575580,276,15188209,,,,
1430926846.9725,pg_catalog,pg_foreign_table,2,0,0,0,0,0,0,0,0,0,0,0,0,0,,,,
1430926846.9725,pg_toast,pg_toast_12659,0,0,0,0,0,0,0,0,0,0,0,0,0,0,,,,
1430926846.9725,pg_catalog,pg_attrdef,3,0,0,0,0,0,0,0,0,0,0,0,0,0,0,0,0,0
1430926846.9725,pg_catalog,pg_ts_template,3,15,0,0,0,0,0,0,5,0,2,2,0,0,,,,
1430926846.9725,pg_catalog,pg_foreign_server,3,0,0,0,0,0,0,0,0,0,0,0,0,0,,,,
1430926846.9725,pg_catalog,pg_default_acl,3,0,59,0,0,0,0,0,0,0,0,0,2,57,,,,
1430926846.9725,pg_toast,pg_toast_12634,0,0,0,0,0,0,0,0,0,0,0,0,0,0,,,,
1430926846.9725,public,warehouse,132108,199810,2004963,2004963,2,691667,0,677554,2,5230,422,26646472,2,2019242,,,,
1430926846.9725,pg_catalog,pg_attribute,180,8808,10548,46214,1401,20,1219,1,2491,0,194,18634,57,27034,,,,
1430926846.9725,pg_catalog,pg_statistic,2,798,12469,12236,92,852,0,411,491,132,105,14428,13,26151,62,5377,4,3477
1430926846.9725,information_schema,sql_sizing,1,23,,,0,0,0,0,23,0,2,0,,,0,0,0,0
1430926846.9725,pg_toast,pg_toast_2618,0,0,107,337,0,0,0,0,0,0,51,96,4,133,,,,
1430926846.9725,pg_toast,pg_toast_3596,0,0,0,0,0,0,0,0,0,0,0,0,0,0,,,,
1430926846.9725,pg_catalog,pg_depend,3,20120,2731,2507,348,0,256,0,6672,256,103,3172,39,6884,,,,
1430926846.9725,information_schema,sql_languages,1,4,,,0,0,0,0,4,0,2,0,,,0,0,0,0
1430926846.9725,pg_catalog,pg_opclass,35,416,919,11698,0,0,0,0,128,0,9,4302,12,1125,,,,
1430926846.9725,pg_catalog,pg_proc,3,8073,1731,2342,6,0,0,0,2691,0,168,2131,33,3677,0,0,0,0
1430926846.9725,public,district,203795,3674380,2797129,2797129,20,1413197,0,1403954,19,898,759,25330286,7,5822866,,,,
1430926846.9725,pg_catalog,pg_trigger,4,0,0,0,0,0,0,0,0,0,0,0,0,0,0,0,0,0
1430926846.9725,pg_catalog,pg_am,163,175,0,0,0,0,0,0,5,0,3,161,0,0,,,,
1430926846.9725,pg_catalog,pg_largeobject_metadata,2,0,0,0,0,0,0,0,0,0,0,0,0,0,,,,
1430926846.9725,pg_catalog,pg_ts_config_map,2,608,0,0,0,0,0,0,304,0,4,2,0,0,,,,
1430926846.9725,pg_catalog,pg_type,3,1093,2965,2606,173,0,151,0,361,0,36,3018,25,6612,,,,
1430926846.9725,pg_catalog,pg_shdepend,21,21,2378,595,0,0,0,0,1,0,14,609,56,2475,,,,
1430926846.9725,pg_catalog,pg_conversion,4,528,0,0,0,0,0,0,132,0,6,9,0,0,,,,
1430926846.9725,pg_catalog,pg_foreign_data_wrapper,3,0,0,0,0,0,0,0,0,0,0,0,0,0,,,,
1430926846.9725,pg_catalog,pg_opfamily,3,258,0,0,0,0,0,0,86,0,4,4,0,0,,,,
1430926846.9725,pg_catalog,pg_shdescription,14,42,6,0,0,0,0,0,3,0,14,7,12,0,0,0,0,0
1430926846.9725,pg_catalog,pg_tablespace,41,82,552,552,0,0,0,0,2,0,20,580,32,1084,,,,
1430926846.9725,pg_catalog,pg_inherits,3,0,84,0,0,0,0,0,0,0,0,0,2,82,,,,
1430926846.9725,public,order_line,4,2274320,1410822,16070088,8137607,6710369,0,4281445,7783695,2000272,146403,29202739,60703,37716373,,,,
1430926846.9725,pg_toast,pg_toast_2606,0,0,0,0,0,0,0,0,0,0,0,0,0,0,,,,
1430926846.9725,pg_toast,pg_toast_2964,0,0,0,0,0,0,0,0,0,0,0,0,0,0,,,,
1430926846.9725,pg_catalog,pg_database,262,928,3610,3596,7,0,6,0,4,0,7,3884,72,5478,,,,
1430926846.9725,pg_toast,pg_toast_2620,0,0,0,0,0,0,0,0,0,0,0,0,0,0,,,,
1430926846.9725,pg_catalog,pg_amproc,35,1096,689,1011,0,0,0,0,344,0,9,759,9,1518,,,,
1430926846.9725,pg_catalog,pg_collation,3,2766,0,0,0,0,0,0,922,0,56,56,0,0,,,,
1430926846.9725,pg_catalog,pg_constraint,5,50,8,0,8,0,0,0,10,0,6,33,8,64,0,0,0,0
1430926846.9725,pg_catalog,pg_range,2,12,2,0,0,0,0,0,6,0,2,1,2,2,,,,
1430926846.9725,pg_toast,pg_toast_12639,0,0,0,0,0,0,0,0,0,0,0,0,0,0,,,,
1430926846.9725,pg_toast,pg_toast_12654,0,0,0,0,0,0,0,0,0,0,0,0,0,0,,,,
1430926846.9725,pg_catalog,pg_user_mapping,3,0,0,0,0,0,0,0,0,0,0,0,0,0,,,,
1430926846.9725,pg_catalog,pg_largeobject,2,0,0,0,0,0,0,0,0,0,0,0,0,0,,,,
1430926846.9725,pg_catalog,pg_namespace,23,138,1488,1351,0,0,0,0,6,0,3,1372,12,1652,,,,
1430926846.9725,information_schema,sql_packages,1,10,,,0,0,0,0,10,0,2,0,,,0,0,0,0
1430926846.9725,pg_catalog,pg_authid,130,130,1682,1682,0,0,0,0,1,0,20,1799,66,3302,,,,
1430926846.9725,pg_catalog,pg_index,163,6145,4225,5022,27,0,17,0,123,17,13,4606,12,4547,,,,
1430926846.9725,pg_catalog,pg_ts_dict,3,48,0,0,0,0,0,0,16,0,2,2,0,0,,,,
1430926846.9725,pg_catalog,pg_class,294,25610,14610,13232,122,324,101,68,316,0,33,16353,34,21714,,,,
1430926846.9725,pg_toast,pg_toast_2396,0,0,0,0,0,0,0,0,0,0,0,0,0,0,,,,
1430926846.9725,pg_catalog,pg_enum,4,0,0,0,0,0,0,0,0,0,0,0,0,0,,,,
1430926846.9725,public,orders,6,360000,1346664,2911256,781530,641140,0,529006,774123,105910,7862,4665124,9572,9095148,,,,
1430926846.9725,pg_catalog,pg_db_role_setting,20,0,3856,0,0,0,0,0,0,0,0,0,16,3840,0,0,0,0
1430926846.9725,pg_toast,pg_toast_12649,0,0,0,0,0,0,0,0,0,0,0,0,0,0,,,,
1430926846.9725,information_schema,sql_parts,1,9,,,0,0,0,0,9,0,2,0,,,0,0,0,0
1430926846.9725,pg_catalog,pg_seclabel,2,0,252,0,0,0,0,0,0,0,0,0,2,250,0,0,0,0
1430926846.9725,public,customer,6,360000,3263873,8011961,60000,1332807,0,1252964,60015,5029,34881,10441863,1350,10380286,,,,
1430926846.9725,information_schema,sql_implementation_info,1,12,,,0,0,0,0,12,0,2,0,,,0,0,0,0
1430926846.9725,pg_toast,pg_toast_2609,0,0,0,0,0,0,0,0,0,0,0,0,0,0,,,,
1430926846.9725,pg_toast,pg_toast_1255,0,0,0,0,0,0,0,0,0,0,0,0,0,0,,,,
1430926846.9725,pg_toast,pg_toast_12644,0,0,0,0,0,0,0,0,0,0,0,0,0,0,,,,
1430926846.9725,pg_catalog,pg_rewrite,3,327,65,65,0,0,0,0,109,0,27,82,2,110,51,96,8,266
1430926846.9725,pg_catalog,pg_ts_config,3,48,0,0,0,0,0,0,16,0,2,2,0,0,,,,
1430926846.9725,pg_catalog,pg_extension,3,3,0,0,0,0,0,0,1,0,2,2,0,0,,,,
1430926846.9725,pg_catalog,pg_amop,4,1744,1033,1298,0,0,0,0,436,0,12,1306,23,2231,,,,
1430926846.9725,pg_catalog,pg_cast,3,594,5529,1213,0,0,0,0,198,0,6,1215,6,5622,,,,
1430926846.9725,pg_toast,pg_toast_2619,0,0,3073,9423,351,0,290,0,71,108,62,5377,4,3477,,,,
1430926846.9725,pg_toast,pg_toast_12629,0,0,0,0,0,0,0,0,0,0,0,0,0,0,,,,
1430926846.9725,pg_toast,pg_toast_2604,0,0,0,0,0,0,0,0,0,0,0,0,0,0,,,,
1430926846.9725,information_schema,sql_features,1,672,,,0,0,0,0,672,0,14,0,,,0,0,0,0
1430926846.9725,public,history,1,60000,,,751667,0,0,0,750998,0,11776,719819,,,,,,
1430926906.97834,pg_catalog,pg_auth_members,21,0,0,0,0,0,0,0,0,0,0,0,0,0,,,,
1430926906.97834,pg_catalog,pg_operator,3,2295,1038,5508,0,0,0,0,765,0,42,3915,20,2268,,,,
1430926906.97834,pg_catalog,pg_aggregate,2,266,52,52,0,0,0,0,133,0,5,53,2,82,,,,
1430926906.97834,pg_catalog,pg_pltemplate,14,112,0,0,0,0,0,0,8,0,14,7,0,0,,,,
1430926906.97834,public,stock,4,800000,18781114,16700575,200000,8300451,0,0,199475,262098,63901,31801145,2076,82034318,,,,
1430926906.97834,pg_catalog,pg_description,2,7372,252,0,0,0,0,0,3686,0,64,32,6,501,0,0,0,0
1430926906.97834,pg_catalog,pg_language,4,16,10,10,0,0,0,0,4,0,2,13,4,18,,,,
1430926906.97834,information_schema,sql_sizing_profiles,1,0,,,0,0,0,0,0,0,0,0,,,0,0,0,0
1430926906.97834,pg_catalog,pg_ts_parser,3,3,0,0,0,0,0,0,1,0,2,2,0,0,,,,
1430926906.97834,public,new_order,4,72000,1404840,1228681,809226,0,509210,0,293653,58562,2119,16375034,3167,17359618,,,,
1430926906.97834,pg_catalog,pg_event_trigger,3,0,27,0,0,0,0,0,0,0,0,0,2,25,,,,
1430926906.97834,pg_catalog,pg_shseclabel,14,0,6,0,0,0,0,0,0,0,0,0,6,0,,,,
1430926906.97834,public,item,4,400000,8308440,8300488,100000,0,0,0,100000,0,3845,8307009,276,16655939,,,,
1430926906.97834,pg_catalog,pg_foreign_table,2,0,0,0,0,0,0,0,0,0,0,0,0,0,,,,
1430926906.97834,pg_toast,pg_toast_12659,0,0,0,0,0,0,0,0,0,0,0,0,0,0,,,,
1430926906.97834,pg_catalog,pg_attrdef,3,0,0,0,0,0,0,0,0,0,0,0,0,0,0,0,0,0
1430926906.97834,pg_catalog,pg_ts_template,3,15,0,0,0,0,0,0,5,0,2,2,0,0,,,,
1430926906.97834,pg_catalog,pg_foreign_server,3,0,0,0,0,0,0,0,0,0,0,0,0,0,,,,
1430926906.97834,pg_catalog,pg_default_acl,3,0,59,0,0,0,0,0,0,0,0,0,2,57,,,,
1430926906.97834,pg_toast,pg_toast_12634,0,0,0,0,0,0,0,0,0,0,0,0,0,0,,,,
1430926906.97834,public,warehouse,132108,199810,2208141,2208141,2,758408,0,742953,1,3225,505,29278276,2,2223783,,,,
1430926906.97834,pg_catalog,pg_attribute,180,8808,11345,50361,1401,20,1219,1,2491,0,194,19752,57,28636,,,,
1430926906.97834,pg_catalog,pg_statistic,2,798,13806,13567,92,964,0,511,491,184,105,15926,13,28856,81,6282,4,3971
1430926906.97834,information_schema,sql_sizing,1,23,,,0,0,0,0,23,0,2,0,,,0,0,0,0
1430926906.97834,pg_toast,pg_toast_2618,0,0,112,353,0,0,0,0,0,0,51,103,4,141,,,,
1430926906.97834,pg_toast,pg_toast_3596,0,0,0,0,0,0,0,0,0,0,0,0,0,0,,,,
1430926906.97834,pg_catalog,pg_depend,3,20120,2731,2507,348,0,256,0,6672,256,103,3172,39,6884,,,,
1430926906.97834,information_schema,sql_languages,1,4,,,0,0,0,0,4,0,2,0,,,0,0,0,0
1430926906.97834,pg_catalog,pg_opclass,35,416,965,12427,0,0,0,0,128,0,9,4544,12,1182,,,,
1430926906.97834,pg_catalog,pg_proc,3,8073,1809,2455,6,0,0,0,2691,0,168,2224,33,3843,0,0,0,0
1430926906.97834,public,district,203795,3674380,3085133,3085133,20,1549634,0,1538604,17,2483,759,28235211,7,6458321,,,,
1430926906.97834,pg_catalog,pg_trigger,4,0,0,0,0,0,0,0,0,0,0,0,0,0,0,0,0,0
1430926906.97834,pg_catalog,pg_am,169,181,0,0,0,0,0,0,5,0,3,167,0,0,,,,
1430926906.97834,pg_catalog,pg_largeobject_metadata,2,0,0,0,0,0,0,0,0,0,0,0,0,0,,,,
1430926906.97834,pg_catalog,pg_ts_config_map,2,608,0,0,0,0,0,0,304,0,4,2,0,0,,,,
1430926906.97834,pg_catalog,pg_type,3,1093,3071,2712,173,0,151,0,361,0,36,3124,25,6831,,,,
1430926906.97834,pg_catalog,pg_shdepend,21,21,2378,595,0,0,0,0,1,0,14,609,56,2475,,,,
1430926906.97834,pg_catalog,pg_conversion,4,528,0,0,0,0,0,0,132,0,6,9,0,0,,,,
1430926906.97834,pg_catalog,pg_foreign_data_wrapper,3,0,0,0,0,0,0,0,0,0,0,0,0,0,,,,
1430926906.97834,pg_catalog,pg_opfamily,3,258,0,0,0,0,0,0,86,0,4,4,0,0,,,,
1430926906.97834,pg_catalog,pg_shdescription,14,42,6,0,0,0,0,0,3,0,14,7,12,0,0,0,0,0
1430926906.97834,pg_catalog,pg_tablespace,41,82,557,557,0,0,0,0,2,0,20,585,32,1094,,,,
1430926906.97834,pg_catalog,pg_inherits,3,0,84,0,0,0,0,0,0,0,0,0,2,82,,,,
1430926906.97834,public,order_line,4,2274320,1545943,17612878,8869031,7353720,0,4707646,8508509,2343480,156534,31894339,66171,42075009,,,,
1430926906.97834,pg_toast,pg_toast_2606,0,0,0,0,0,0,0,0,0,0,0,0,0,0,,,,
1430926906.97834,pg_toast,pg_toast_2964,0,0,0,0,0,0,0,0,0,0,0,0,0,0,,,,
1430926906.97834,pg_catalog,pg_database,265,940,3661,3647,7,0,6,0,4,0,7,3938,72,5543,,,,
1430926906.97834,pg_toast,pg_toast_2620,0,0,0,0,0,0,0,0,0,0,0,0,0,0,,,,
1430926906.97834,pg_catalog,pg_amproc,35,1096,728,1056,0,0,0,0,344,0,9,792,9,1602,,,,
1430926906.97834,pg_catalog,pg_collation,3,2766,0,0,0,0,0,0,922,0,56,56,0,0,,,,
1430926906.97834,pg_catalog,pg_constraint,5,50,8,0,8,0,0,0,10,0,6,33,8,64,0,0,0,0
1430926906.97834,pg_catalog,pg_range,2,12,2,0,0,0,0,0,6,0,2,1,2,2,,,,
1430926906.97834,pg_toast,pg_toast_12639,0,0,0,0,0,0,0,0,0,0,0,0,0,0,,,,
1430926906.97834,pg_toast,pg_toast_12654,0,0,0,0,0,0,0,0,0,0,0,0,0,0,,,,
1430926906.97834,pg_catalog,pg_user_mapping,3,0,0,0,0,0,0,0,0,0,0,0,0,0,,,,
1430926906.97834,pg_catalog,pg_largeobject,2,0,0,0,0,0,0,0,0,0,0,0,0,0,,,,
1430926906.97834,pg_catalog,pg_namespace,25,150,1629,1487,0,0,0,0,6,0,3,1510,12,1802,,,,
1430926906.97834,information_schema,sql_packages,1,10,,,0,0,0,0,10,0,2,0,,,0,0,0,0
1430926906.97834,pg_catalog,pg_authid,131,131,1693,1693,0,0,0,0,1,0,20,1811,66,3324,,,,
1430926906.97834,pg_catalog,pg_index,168,6760,4541,5436,27,0,17,0,123,17,13,4936,12,4876,,,,
1430926906.97834,pg_catalog,pg_ts_dict,3,48,0,0,0,0,0,0,16,0,2,2,0,0,,,,
1430926906.97834,pg_catalog,pg_class,308,29436,15914,14413,122,324,101,68,316,0,33,17679,34,23281,,,,
1430926906.97834,pg_toast,pg_toast_2396,0,0,0,0,0,0,0,0,0,0,0,0,0,0,,,,
1430926906.97834,pg_catalog,pg_enum,4,0,0,0,0,0,0,0,0,0,0,0,0,0,,,,
1430926906.97834,public,orders,6,360000,1475303,3360623,851226,702420,0,575310,840180,17133,8083,5330026,10382,10005485,,,,
1430926906.97834,pg_catalog,pg_db_role_setting,20,0,3884,0,0,0,0,0,0,0,0,0,16,3868,0,0,0,0
1430926906.97834,pg_toast,pg_toast_12649,0,0,0,0,0,0,0,0,0,0,0,0,0,0,,,,
1430926906.97834,information_schema,sql_parts,1,9,,,0,0,0,0,9,0,2,0,,,0,0,0,0
1430926906.97834,pg_catalog,pg_seclabel,2,0,252,0,0,0,0,0,0,0,0,0,2,250,0,0,0,0
1430926906.97834,public,customer,6,360000,3578138,8781810,60000,1460828,0,1374209,60013,3293,34881,11476123,1350,11377019,,,,
1430926906.97834,information_schema,sql_implementation_info,1,12,,,0,0,0,0,12,0,2,0,,,0,0,0,0
1430926906.97834,pg_toast,pg_toast_2609,0,0,0,0,0,0,0,0,0,0,0,0,0,0,,,,
1430926906.97834,pg_toast,pg_toast_1255,0,0,0,0,0,0,0,0,0,0,0,0,0,0,,,,
1430926906.97834,pg_toast,pg_toast_12644,0,0,0,0,0,0,0,0,0,0,0,0,0,0,,,,
1430926906.97834,pg_catalog,pg_rewrite,3,327,72,72,0,0,0,0,109,0,27,89,2,122,51,103,8,282
1430926906.97834,pg_catalog,pg_ts_config,3,48,0,0,0,0,0,0,16,0,2,2,0,0,,,,
1430926906.97834,pg_catalog,pg_extension,3,3,0,0,0,0,0,0,1,0,2,2,0,0,,,,
1430926906.97834,pg_catalog,pg_amop,4,1744,1114,1389,0,0,0,0,436,0,12,1397,23,2405,,,,
1430926906.97834,pg_catalog,pg_cast,3,594,5826,1281,0,0,0,0,198,0,6,1283,6,5926,,,,
1430926906.97834,pg_toast,pg_toast_2619,0,0,3459,10651,436,0,374,0,73,84,81,6282,4,3971,,,,
1430926906.97834,pg_toast,pg_toast_12629,0,0,0,0,0,0,0,0,0,0,0,0,0,0,,,,
1430926906.97834,pg_toast,pg_toast_2604,0,0,0,0,0,0,0,0,0,0,0,0,0,0,,,,
1430926906.97834,information_schema,sql_features,1,672,,,0,0,0,0,672,0,14,0,,,0,0,0,0
1430926906.97834,public,history,1,60000,,,818408,0,0,0,814053,0,13184,796069,,,,,,
1430926966.97719,pg_catalog,pg_auth_members,21,0,0,0,0,0,0,0,0,0,0,0,0,0,,,,
1430926966.97719,pg_catalog,pg_operator,3,2295,1061,5531,0,0,0,0,765,0,42,3938,20,2323,,,,
1430926966.97719,pg_catalog,pg_aggregate,2,266,53,53,0,0,0,0,133,0,5,54,2,84,,,,
1430926966.97719,pg_catalog,pg_pltemplate,14,112,0,0,0,0,0,0,8,0,14,7,0,0,,,,
1430926966.97719,public,stock,4,800000,20605077,18325296,200000,9108138,0,0,199576,312489,63901,34634668,2076,90030279,,,,
1430926966.97719,pg_catalog,pg_description,2,7372,252,0,0,0,0,0,3686,0,64,32,6,501,0,0,0,0
1430926966.97719,pg_catalog,pg_language,4,16,10,10,0,0,0,0,4,0,2,13,4,18,,,,
1430926966.97719,information_schema,sql_sizing_profiles,1,0,,,0,0,0,0,0,0,0,0,,,0,0,0,0
1430926966.97719,pg_catalog,pg_ts_parser,3,3,0,0,0,0,0,0,1,0,2,2,0,0,,,,
1430926966.97719,public,new_order,4,72000,1540480,1346015,886155,0,557070,0,321953,107191,2534,17662135,3645,20124138,,,,
1430926966.97719,pg_catalog,pg_event_trigger,3,0,27,0,0,0,0,0,0,0,0,0,2,25,,,,
1430926966.97719,pg_catalog,pg_shseclabel,14,0,6,0,0,0,0,0,0,0,0,0,6,0,,,,
1430926966.97719,public,item,4,400000,9116896,9108179,100000,0,0,0,100000,0,3845,9114700,276,18276643,,,,
1430926966.97719,pg_catalog,pg_foreign_table,2,0,0,0,0,0,0,0,0,0,0,0,0,0,,,,
1430926966.97719,pg_toast,pg_toast_12659,0,0,0,0,0,0,0,0,0,0,0,0,0,0,,,,
1430926966.97719,pg_catalog,pg_attrdef,3,0,0,0,0,0,0,0,0,0,0,0,0,0,0,0,0,0
1430926966.97719,pg_catalog,pg_ts_template,3,15,0,0,0,0,0,0,5,0,2,2,0,0,,,,
1430926966.97719,pg_catalog,pg_foreign_server,3,0,0,0,0,0,0,0,0,0,0,0,0,0,,,,
1430926966.97719,pg_catalog,pg_default_acl,3,0,59,0,0,0,0,0,0,0,0,0,2,57,,,,
1430926966.97719,pg_toast,pg_toast_12634,0,0,0,0,0,0,0,0,0,0,0,0,0,0,,,,
1430926966.97719,public,warehouse,132108,199810,2431382,2431382,2,831564,0,814621,1,4776,505,31433611,2,2448533,,,,
1430926966.97719,pg_catalog,pg_attribute,180,8808,11978,54372,1401,20,1219,1,2491,0,194,20681,57,29906,,,,
1430926966.97719,pg_catalog,pg_statistic,2,798,15028,14783,92,1021,0,564,491,39,105,17321,13,31339,81,6986,4,4392
1430926966.97719,information_schema,sql_sizing,1,23,,,0,0,0,0,23,0,2,0,,,0,0,0,0
1430926966.97719,pg_toast,pg_toast_2618,0,0,117,369,0,0,0,0,0,0,51,110,4,149,,,,
1430926966.97719,pg_toast,pg_toast_3596,0,0,0,0,0,0,0,0,0,0,0,0,0,0,,,,
1430926966.97719,pg_catalog,pg_depend,3,20120,2731,2507,348,0,256,0,6672,256,103,3172,39,6884,,,,
1430926966.97719,information_schema,sql_languages,1,4,,,0,0,0,0,4,0,2,0,,,0,0,0,0
1430926966.97719,pg_catalog,pg_opclass,35,416,995,12882,0,0,0,0,128,0,9,4698,12,1218,,,,
1430926966.97719,pg_catalog,pg_proc,3,8073,1887,2568,6,0,0,0,2691,0,168,2317,33,4009,0,0,0,0
1430926966.97719,public,district,203795,3674380,3401518,3401518,20,1699719,0,1687588,20,5394,759,30701740,7,7155224,,,,
1430926966.97719,pg_catalog,pg_trigger,4,0,0,0,0,0,0,0,0,0,0,0,0,0,0,0,0,0
1430926966.97719,pg_catalog,pg_am,171,183,0,0,0,0,0,0,5,0,3,169,0,0,,,,
1430926966.97719,pg_catalog,pg_largeobject_metadata,2,0,0,0,0,0,0,0,0,0,0,0,0,0,,,,
1430926966.97719,pg_catalog,pg_ts_config_map,2,608,0,0,0,0,0,0,304,0,4,2,0,0,,,,
1430926966.97719,pg_catalog,pg_type,3,1093,3170,2811,173,0,151,0,361,0,36,3223,25,7035,,,,
1430926966.97719,pg_catalog,pg_shdepend,21,21,2378,595,0,0,0,0,1,0,14,609,56,2475,,,,
1430926966.97719,pg_catalog,pg_conversion,4,528,0,0,0,0,0,0,132,0,6,9,0,0,,,,
1430926966.97719,pg_catalog,pg_foreign_data_wrapper,3,0,0,0,0,0,0,0,0,0,0,0,0,0,,,,
1430926966.97719,pg_catalog,pg_opfamily,3,258,0,0,0,0,0,0,86,0,4,4,0,0,,,,
1430926966.97719,pg_catalog,pg_shdescription,14,42,6,0,0,0,0,0,3,0,14,7,12,0,0,0,0,0
1430926966.97719,pg_catalog,pg_tablespace,41,82,562,562,0,0,0,0,2,0,20,590,32,1104,,,,
1430926966.97719,pg_catalog,pg_inherits,3,0,84,0,0,0,0,0,0,0,0,0,2,82,,,,
1430926966.97719,public,order_line,4,2274320,1695402,19320621,9676718,8067215,0,5202875,9308818,2692427,167491,34762345,72124,46802821,,,,
1430926966.97719,pg_toast,pg_toast_2606,0,0,0,0,0,0,0,0,0,0,0,0,0,0,,,,
1430926966.97719,pg_toast,pg_toast_2964,0,0,0,0,0,0,0,0,0,0,0,0,0,0,,,,
1430926966.97719,pg_catalog,pg_database,269,956,3714,3700,7,0,6,0,4,0,7,3995,72,5612,,,,
1430926966.97719,pg_toast,pg_toast_2620,0,0,0,0,0,0,0,0,0,0,0,0,0,0,,,,
1430926966.97719,pg_catalog,pg_amproc,35,1096,754,1087,0,0,0,0,344,0,9,815,9,1656,,,,
1430926966.97719,pg_catalog,pg_collation,3,2766,0,0,0,0,0,0,922,0,56,56,0,0,,,,
1430926966.97719,pg_catalog,pg_constraint,5,50,8,0,8,0,0,0,10,0,6,33,8,64,0,0,0,0
1430926966.97719,pg_catalog,pg_range,2,12,2,0,0,0,0,0,6,0,2,1,2,2,,,,
1430926966.97719,pg_toast,pg_toast_12639,0,0,0,0,0,0,0,0,0,0,0,0,0,0,,,,
1430926966.97719,pg_toast,pg_toast_12654,0,0,0,0,0,0,0,0,0,0,0,0,0,0,,,,
1430926966.97719,pg_catalog,pg_user_mapping,3,0,0,0,0,0,0,0,0,0,0,0,0,0,,,,
1430926966.97719,pg_catalog,pg_largeobject,2,0,0,0,0,0,0,0,0,0,0,0,0,0,,,,
1430926966.97719,pg_catalog,pg_namespace,27,162,1769,1622,0,0,0,0,6,0,3,1647,12,1950,,,,
1430926966.97719,information_schema,sql_packages,1,10,,,0,0,0,0,10,0,2,0,,,0,0,0,0
1430926966.97719,pg_catalog,pg_authid,132,132,1705,1705,0,0,0,0,1,0,20,1824,66,3348,,,,
1430926966.97719,pg_catalog,pg_index,173,7375,4777,5748,27,0,17,0,123,17,13,5187,12,5120,,,,
1430926966.97719,pg_catalog,pg_ts_dict,3,48,0,0,0,0,0,0,16,0,2,2,0,0,,,,
1430926966.97719,pg_catalog,pg_class,318,32297,16974,15350,122,324,101,68,316,0,33,18715,34,24540,,,,
1430926966.97719,pg_toast,pg_toast_2396,0,0,0,0,0,0,0,0,0,0,0,0,0,0,,,,
1430926966.97719,pg_catalog,pg_enum,4,0,0,0,0,0,0,0,0,0,0,0,0,0,,,,
1430926966.97719,public,orders,6,360000,1617886,3884939,928155,770240,0,628818,918901,33742,8797,6050543,11396,10989093,,,,
1430926966.97719,pg_catalog,pg_db_role_setting,20,0,3916,0,0,0,0,0,0,0,0,0,16,3900,0,0,0,0
1430926966.97719,pg_toast,pg_toast_12649,0,0,0,0,0,0,0,0,0,0,0,0,0,0,,,,
1430926966.97719,information_schema,sql_parts,1,9,,,0,0,0,0,9,0,2,0,,,0,0,0,0
1430926966.97719,pg_catalog,pg_seclabel,2,0,252,0,0,0,0,0,0,0,0,0,2,250,0,0,0,0
1430926966.97719,public,customer,6,360000,3924296,9613555,60000,1601804,0,1510495,59955,10308,34881,12553069,1350,12456291,,,,
1430926966.97719,information_schema,sql_implementation_info,1,12,,,0,0,0,0,12,0,2,0,,,0,0,0,0
1430926966.97719,pg_toast,pg_toast_2609,0,0,0,0,0,0,0,0,0,0,0,0,0,0,,,,
1430926966.97719,pg_toast,pg_toast_1255,0,0,0,0,0,0,0,0,0,0,0,0,0,0,,,,
1430926966.97719,pg_toast,pg_toast_12644,0,0,0,0,0,0,0,0,0,0,0,0,0,0,,,,
1430926966.97719,pg_catalog,pg_rewrite,3,327,79,79,0,0,0,0,109,0,27,96,2,134,51,110,8,298
1430926966.97719,pg_catalog,pg_ts_config,3,48,0,0,0,0,0,0,16,0,2,2,0,0,,,,
1430926966.97719,pg_catalog,pg_extension,3,3,0,0,0,0,0,0,1,0,2,2,0,0,,,,
1430926966.97719,pg_catalog,pg_amop,4,1744,1171,1455,0,0,0,0,436,0,12,1463,23,2529,,,,
1430926966.97719,pg_catalog,pg_cast,3,594,6009,1329,0,0,0,0,198,0,6,1331,6,6115,,,,
1430926966.97719,pg_toast,pg_toast_2619,0,0,3827,11797,488,0,427,0,72,137,81,6986,4,4392,,,,
1430926966.97719,pg_toast,pg_toast_12629,0,0,0,0,0,0,0,0,0,0,0,0,0,0,,,,
1430926966.97719,pg_toast,pg_toast_2604,0,0,0,0,0,0,0,0,0,0,0,0,0,0,,,,
1430926966.97719,information_schema,sql_features,1,672,,,0,0,0,0,672,0,14,0,,,0,0,0,0
1430926966.97719,public,history,1,60000,,,891564,0,0,0,887209,0,14017,870891,,,,,,
1430927026.98098,pg_catalog,pg_auth_members,21,0,0,0,0,0,0,0,0,0,0,0,0,0,,,,
1430927026.98098,pg_catalog,pg_operator,0,0,2,2,0,0,0,0,0,0,1,1,6,0,,,,
1430927026.98098,pg_catalog,pg_aggregate,0,0,0,0,0,0,0,0,0,0,0,0,0,0,,,,
1430927026.98098,pg_catalog,pg_pltemplate,14,112,0,0,0,0,0,0,8,0,14,7,0,0,,,,
1430927026.98098,public,history,0,0,,,0,0,0,0,0,0,0,0,,,,,,
1430927026.98098,pg_catalog,pg_description,0,0,0,0,0,0,0,0,0,0,0,0,0,0,0,0,0,0
1430927026.98098,pg_catalog,pg_language,1,4,0,0,0,0,0,0,0,0,1,0,2,0,,,,
1430927026.98098,information_schema,sql_sizing_profiles,0,0,,,0,0,0,0,0,0,0,0,,,0,0,0,0
1430927026.98098,pg_catalog,pg_ts_parser,0,0,0,0,0,0,0,0,0,0,0,0,0,0,,,,
1430927026.98098,public,item,0,0,,,100000,0,0,0,100000,0,1283,2678,,,,,,
1430927026.98098,pg_catalog,pg_event_trigger,0,0,9,0,0,0,0,0,0,0,0,0,1,8,,,,
1430927026.98098,pg_catalog,pg_shseclabel,14,0,6,0,0,0,0,0,0,0,0,0,6,0,,,,
1430927026.98098,pg_catalog,pg_foreign_table,0,0,0,0,0,0,0,0,0,0,0,0,0,0,,,,
1430927026.98098,pg_toast,pg_toast_12659,0,0,0,0,0,0,0,0,0,0,0,0,0,0,,,,
1430927026.98098,public,new_order,0,0,,,0,0,0,0,0,0,0,0,,,,,,
1430927026.98098,pg_catalog,pg_attrdef,0,0,0,0,0,0,0,0,0,0,0,0,0,0,0,0,0,0
1430927026.98098,pg_catalog,pg_ts_template,0,0,0,0,0,0,0,0,0,0,0,0,0,0,,,,
1430927026.98098,pg_catalog,pg_foreign_server,0,0,0,0,0,0,0,0,0,0,0,0,0,0,,,,
1430927026.98098,pg_catalog,pg_default_acl,0,0,36,0,0,0,0,0,0,0,0,0,1,35,,,,
1430927026.98098,pg_toast,pg_toast_12634,0,0,0,0,0,0,0,0,0,0,0,0,0,0,,,,
1430927026.98098,pg_catalog,pg_attribute,11,75,186,722,146,0,0,0,146,0,25,474,9,974,,,,
1430927026.98098,pg_catalog,pg_statistic,0,0,1,1,0,0,0,0,0,0,1,0,3,0,0,0,0,0
1430927026.98098,information_schema,sql_sizing,0,0,,,0,0,0,0,0,0,0,0,,,0,0,0,0
1430927026.98098,pg_toast,pg_toast_2618,0,0,0,0,0,0,0,0,0,0,0,0,0,0,,,,
1430927026.98098,pg_toast,pg_toast_3596,0,0,0,0,0,0,0,0,0,0,0,0,0,0,,,,
1430927026.98098,public,stock,0,0,,,400000,0,0,0,400000,0,17398,34776,,,,,,
1430927026.98098,pg_catalog,pg_depend,0,0,200,181,27,0,0,0,27,0,8,227,13,513,,,,
1430927026.98098,public,customer,0,0,,,0,0,0,0,0,0,0,0,,,,,,
1430927026.98098,information_schema,sql_languages,0,0,,,0,0,0,0,0,0,0,0,,,0,0,0,0
1430927026.98098,pg_catalog,pg_opclass,2,2,30,30,0,0,0,0,0,0,1,31,2,45,,,,
1430927026.98098,pg_catalog,pg_proc,0,0,1,1,0,0,0,0,0,0,1,0,3,0,0,0,0,0
1430927026.98098,pg_catalog,pg_trigger,0,0,0,0,0,0,0,0,0,0,0,0,0,0,0,0,0,0
1430927026.98098,pg_catalog,pg_am,17,17,0,0,0,0,0,0,0,0,1,16,0,0,,,,
1430927026.98098,pg_catalog,pg_largeobject_metadata,0,0,0,0,0,0,0,0,0,0,0,0,0,0,,,,
1430927026.98098,pg_catalog,pg_ts_config_map,0,0,0,0,0,0,0,0,0,0,0,0,0,0,,,,
1430927026.98098,pg_catalog,pg_type,0,0,126,90,18,0,0,0,18,0,8,137,8,339,,,,
1430927026.98098,pg_catalog,pg_shdepend,21,21,2378,595,0,0,0,0,1,0,14,609,56,2475,,,,
1430927026.98098,pg_catalog,pg_conversion,0,0,0,0,0,0,0,0,0,0,0,0,0,0,,,,
1430927026.98098,pg_catalog,pg_foreign_data_wrapper,0,0,0,0,0,0,0,0,0,0,0,0,0,0,,,,
1430927026.98098,pg_catalog,pg_opfamily,0,0,0,0,0,0,0,0,0,0,0,0,0,0,,,,
1430927026.98098,pg_catalog,pg_shdescription,14,42,6,0,0,0,0,0,3,0,14,7,12,0,0,0,0,0
1430927026.98098,pg_catalog,pg_tablespace,41,82,567,567,0,0,0,0,2,0,20,595,32,1114,,,,
1430927026.98098,pg_catalog,pg_inherits,0,0,0,0,0,0,0,0,0,0,0,0,0,0,,,,
1430927026.98098,pg_toast,pg_toast_2606,0,0,0,0,0,0,0,0,0,0,0,0,0,0,,,,
1430927026.98098,pg_toast,pg_toast_2964,0,0,0,0,0,0,0,0,0,0,0,0,0,0,,,,
1430927026.98098,pg_catalog,pg_database,272,968,3761,3747,7,0,6,0,4,0,7,4045,72,5673,,,,
1430927026.98098,pg_toast,pg_toast_2620,0,0,0,0,0,0,0,0,0,0,0,0,0,0,,,,
1430927026.98098,pg_catalog,pg_amproc,2,4,30,57,0,0,0,0,0,0,3,33,3,74,,,,
1430927026.98098,pg_catalog,pg_collation,0,0,0,0,0,0,0,0,0,0,0,0,0,0,,,,
1430927026.98098,pg_catalog,pg_constraint,0,0,0,0,0,0,0,0,0,0,0,0,0,0,0,0,0,0
1430927026.98098,pg_catalog,pg_range,0,0,0,0,0,0,0,0,0,0,0,0,0,0,,,,
1430927026.98098,pg_toast,pg_toast_12639,0,0,0,0,0,0,0,0,0,0,0,0,0,0,,,,
1430927026.98098,pg_toast,pg_toast_12654,0,0,0,0,0,0,0,0,0,0,0,0,0,0,,,,
1430927026.98098,pg_catalog,pg_user_mapping,0,0,0,0,0,0,0,0,0,0,0,0,0,0,,,,
1430927026.98098,pg_catalog,pg_largeobject,0,0,0,0,0,0,0,0,0,0,0,0,0,0,,,,
1430927026.98098,pg_catalog,pg_namespace,0,0,47,33,0,0,0,0,0,0,1,32,4,66,,,,
1430927026.98098,information_schema,sql_packages,0,0,,,0,0,0,0,0,0,0,0,,,0,0,0,0
1430927026.98098,pg_catalog,pg_authid,133,133,1717,1717,0,0,0,0,1,0,20,1837,66,3372,,,,
1430927026.98098,pg_catalog,pg_index,7,7,148,194,0,0,0,0,0,0,3,165,4,171,,,,
1430927026.98098,pg_catalog,pg_ts_dict,0,0,0,0,0,0,0,0,0,0,0,0,0,0,,,,
1430927026.98098,public,order_line,0,0,,,0,0,0,0,0,0,0,0,,,,,,
1430927026.98098,pg_catalog,pg_class,11,11,220,198,9,0,0,0,9,0,12,261,13,521,,,,
1430927026.98098,pg_toast,pg_toast_2396,0,0,0,0,0,0,0,0,0,0,0,0,0,0,,,,
1430927026.98098,pg_catalog,pg_enum,0,0,0,0,0,0,0,0,0,0,0,0,0,0,,,,
1430927026.98098,pg_catalog,pg_db_role_setting,20,0,3944,0,0,0,0,0,0,0,0,0,16,3928,0,0,0,0
1430927026.98098,pg_toast,pg_toast_12649,0,0,0,0,0,0,0,0,0,0,0,0,0,0,,,,
1430927026.98098,information_schema,sql_parts,0,0,,,0,0,0,0,0,0,0,0,,,0,0,0,0
1430927026.98098,pg_catalog,pg_seclabel,0,0,0,0,0,0,0,0,0,0,0,0,0,0,0,0,0,0
1430927026.98098,information_schema,sql_implementation_info,0,0,,,0,0,0,0,0,0,0,0,,,0,0,0,0
1430927026.98098,pg_toast,pg_toast_2609,0,0,0,0,0,0,0,0,0,0,0,0,0,0,,,,
1430927026.98098,pg_toast,pg_toast_1255,0,0,0,0,0,0,0,0,0,0,0,0,0,0,,,,
1430927026.98098,pg_toast,pg_toast_12644,0,0,0,0,0,0,0,0,0,0,0,0,0,0,,,,
1430927026.98098,pg_catalog,pg_rewrite,0,0,0,0,0,0,0,0,0,0,0,0,0,0,0,0,0,0
1430927026.98098,pg_catalog,pg_ts_config,0,0,0,0,0,0,0,0,0,0,0,0,0,0,,,,
1430927026.98098,pg_catalog,pg_extension,0,0,0,0,0,0,0,0,0,0,0,0,0,0,,,,
1430927026.98098,public,district,0,0,,,40,0,0,0,40,0,1,0,,,,,,
1430927026.98098,pg_catalog,pg_amop,0,0,2,3,0,0,0,0,0,0,2,1,6,0,,,,
1430927026.98098,pg_catalog,pg_cast,0,0,0,0,0,0,0,0,0,0,0,0,0,0,,,,
1430927026.98098,pg_toast,pg_toast_2619,0,0,0,0,0,0,0,0,0,0,0,0,0,0,,,,
1430927026.98098,pg_toast,pg_toast_12629,0,0,0,0,0,0,0,0,0,0,0,0,0,0,,,,
1430927026.98098,public,warehouse,0,0,,,4,0,0,0,4,0,1,0,,,,,,
1430927026.98098,public,orders,0,0,,,0,0,0,0,0,0,0,0,,,,,,
1430927026.98098,pg_toast,pg_toast_2604,0,0,0,0,0,0,0,0,0,0,0,0,0,0,,,,
1430927026.98098,information_schema,sql_features,0,0,,,0,0,0,0,0,0,0,0,,,0,0,0,0
