# hostname;interval;timestamp;pgpgin/s;pgpgout/s;fault/s;majflt/s;pgfree/s;pgscank/s;pgscand/s;pgsteal/s;%vmeff
CentOS-71-64-minimal;60;1430926426;1.33;53260.13;65226.35;0.00;34328.97;0.00;0.00;0.00;0.00
CentOS-71-64-minimal;60;1430926486;0.27;50182.60;37521.53;0.00;24879.13;0.00;0.00;0.00;0.00
CentOS-71-64-minimal;60;1430926546;0.40;55053.13;41106.77;0.00;27668.20;0.00;0.00;0.00;0.00
CentOS-71-64-minimal;60;1430926606;0.27;56336.13;23476.65;0.00;15946.47;0.00;0.00;0.00;0.00
CentOS-71-64-minimal;60;1430926666;0.60;52423.80;26189.35;0.00;14676.38;0.00;0.00;0.00;0.00
CentOS-71-64-minimal;60;1430926726;1.67;54416.67;24207.78;0.05;16707.35;0.00;0.00;0.00;0.00
CentOS-71-64-minimal;60;1430926786;0.67;50780.00;24318.87;0.00;16964.92;0.00;0.00;0.00;0.00
CentOS-71-64-minimal;60;1430926846;1.20;54268.53;25454.30;0.02;16251.15;0.00;0.00;0.00;0.00
CentOS-71-64-minimal;60;1430926906;0.60;58004.80;22166.82;0.00;14587.78;0.00;0.00;0.00;0.00
CentOS-71-64-minimal;60;1430926966;0.40;56098.00;28121.92;0.00;18317.62;0.00;0.00;0.00;0.00
